scode,hycode,companycode,sname,publishname,reporttimetypecode,combinetypecode,dataajusttype,mkt,noticedate,reportdate,parentnetprofit,totaloperatereve,totaloperateexp,totaloperateexp_tb,operateexp,operateexp_tb,saleexp,manageexp,financeexp,operateprofit,sumprofit,incometax,operatereve,intnreve,intnreve_tb,commnreve,commnreve_tb,operatetax,operatemanageexp,commreve_commexp,intreve_intexp,premiumearned,premiumearned_tb,investincome,surrenderpremium,indemnityexp,tystz,yltz,sjltz,kcfjcxsyjlr,sjlktz,eutime,yyzc
600436,016024,10001278,片仔癀,医药制造,001,001,2,shzb,2009-03-27T00:00:00,2007-12-31T00:00:00,95188986.37,593069218.79,465878230.89,0.124608651151327,375030152.03,0.110693693680669,45100287.49,39009137.54,1783333.58,147153976.42,148192474.37,51792183.44,-,-,-,-,-,4127401.07,-,-,-,-,-,-,-,-,0.117934,0.171673,0.188936,85125298.12,0.1383113021,2014/1/22 19:23:51,375030152.03
600170,016005,10000133,上海建工,工程建设,001,001,2,shzb,2009-03-27T00:00:00,2007-12-31T00:00:00,300839549.0,25220940513.0,25062217895.0,0.202579049806744,23870772835.0,0.208384334800965,-,472396159.0,2552694.0,259772263.0,339465725.0,38101173.0,-,-,-,-,-,720681127.0,-,-,-,-,-,-,-,-,0.189745,0.042804,0.17264,195455750.0,-0.0315138351,2014/1/22 19:23:47,23870772835.0
002269,016010,80121959,美邦服饰,纺织服装,001,001,2,zxb,2009-03-27T00:00:00,2007-12-31T00:00:00,363991332.0,3156516825.0,2727921963.0,0.441241516878808,1930475321.0,0.355417188599938,602888915.0,154974904.0,22462980.0,428594862.0,432519295.0,68869994.0,-,-,-,-,-,14393453.0,-,-,-,-,-,-,-,-,0.591236,3.71342,4.365053,277258946.0,1.8065330459,2014/1/22 19:23:54,1930475321.0
600006,016035,10000006,东风汽车,汽车行业,001,001,2,shzb,2009-03-27T00:00:00,2007-12-31T00:00:00,479010536.6,10829217523.6,10667921854.01,0.0619816709640219,9300804752.84,0.0457000669509588,691029166.02,470951362.32,-30177305.22,606458636.7,613334028.11,41391945.09,-,-,-,-,-,200684899.88,-,-,-,-,-,-,-,-,0.26547,0.085606,0.006211,353224491.03,0.3419327615,2014/1/22 19:23:48,9300804752.84
600789,016024,10000738,鲁抗医药,医药制造,001,001,2,shzb,2009-03-27T00:00:00,2007-12-31T00:00:00,21626861.16,1575488246.52,1560517862.41,0.22908956518308,1262571306.4,0.223233193886462,126268866.45,93393172.73,38855856.73,21947880.25,22834356.14,-498645.83,-,-,-,-,-,9069899.85,-,-,-,-,-,-,-,-,0.248749,1.288417,1.269177,24035307.12,1.2827249239,2014/1/22 19:23:47,1262571306.4
600658,016017,10000465,电子城,房地产,001,001,2,shzb,2009-03-27T00:00:00,2007-12-31T00:00:00,5762992.98,414184412.05,420896392.73,-0.251922152107551,340187971.09,-0.254616679627249,23912430.39,43052565.45,7969868.86,2702990.84,8027603.67,660325.75,-,-,-,-,-,2773094.52,-,-,-,-,-,-,-,-,-0.174869,1.044241,1.098149,86540233.92,0.8017973687,2014/1/22 19:23:54,340187971.09
600219,016032,10000177,南山铝业,有色金属,001,001,2,shzb,2009-03-27T00:00:00,2007-12-31T00:00:00,1148989052.78,6571795414.38,4962329406.86,1.42395402830873,4709749495.02,1.45862132971315,101640532.14,58014012.55,40555075.68,1609466007.52,1595283165.87,237888983.22,-,-,-,-,-,41514955.46,-,-,-,-,-,-,-,-,1.814379,4.590867,5.435889,1158491556.69,5.2494206398,2014/1/22 19:23:48,4709749495.02
002030,016024,10001420,达安基因,医药制造,001,001,2,zxb,2009-03-27T00:00:00,2007-12-31T00:00:00,35036366.91,207275582.57,168868352.52,0.232448977041266,83125693.77,0.126458834831416,37197594.72,40396799.58,2372092.63,39677560.48,42958307.63,8754056.21,-,-,-,-,-,3754202.33,-,-,-,-,-,-,-,-,0.200486,0.135337,0.219001,29993451.56,0.530264441,2014/1/22 20:04:03,83125693.77
000709,016033,10001026,河钢股份,钢铁行业,001,001,2,szzb,2009-03-27T00:00:00,2007-12-31T00:00:00,2144943803.8,41792335168.68,38732625658.21,0.37300218836241,36967333337.97,0.382231237353713,113336907.87,1058479196.62,463174280.96,3051498248.71,3164625965.99,738575055.29,-,-,-,-,-,144688282.35,-,-,-,-,-,-,-,-,0.38452,0.536757,0.509198,3605864405.86,0.4252901104,2014/1/22 19:23:50,36967333337.97
600707,016022,10000514,彩虹股份,电子元件,001,001,2,shzb,2009-03-27T00:00:00,2007-12-31T00:00:00,-28433627.98,1705696095.72,1760035875.07,-0.117788624963679,1615891926.49,-0.129955543689401,75909007.24,36753935.6,19948968.22,-28948650.49,-27201834.79,284285.63,-,-,-,-,-,2232631.05,-,-,-,-,-,-,-,-,-0.174812,-2.877368,-2.839926,-58353331.28,-9.4089778417,2014/1/22 19:23:51,1615891926.49
600497,016032,10001357,驰宏锌锗,有色金属,001,001,2,shzb,2009-03-27T00:00:00,2007-12-31T00:00:00,1317117974.88,6110667512.46,4586483431.58,0.354075349742155,3991704016.31,0.337381473425375,115567883.6,260808322.04,80905177.06,1524351890.14,1508501427.27,193119386.1,-,-,-,-,-,48555010.7,-,-,-,-,-,-,-,-,0.357287,0.361731,0.263319,1273940160.64,0.3758421723,2014/1/22 19:23:47,3991704016.31
002200,016046,80088507,云投生态,园林工程,001,001,2,zxb,2009-03-27T00:00:00,2007-12-31T00:00:00,64414729.25,257465463.96,196237132.14,0.368274624314272,166249610.44,0.362298105691882,10096990.58,9854591.84,7357923.66,61228331.82,65691341.55,1280360.55,-,-,-,-,-,866392.2,-,-,-,-,-,-,-,-,0.351209,0.299258,0.369439,60620874.58,0.3044756273,2014/1/22 19:23:50,166249610.44
600008,016006,10000008,首创股份,公用事业,001,001,2,shzb,2009-03-27T00:00:00,2007-12-31T00:00:00,513204966.29,1410654119.3,1240531520.66,0.222751147760788,796642439.98,0.178610450413008,30296737.63,278613877.88,119903293.91,385100401.62,681104083.31,57878318.5,-,-,-,-,-,10010132.32,-,-,-,-,-,-,-,-,0.172456,0.58048,0.129328,389117903.29,6.270513101,2014/1/22 19:23:48,796642439.98
600071,016021,10000044,凤凰光学,仪器仪表,001,001,2,shzb,2009-03-27T00:00:00,2007-12-31T00:00:00,38233560.6,1040285584.78,946797210.4,0.244140863739116,839576484.02,0.272100999808974,16900064.14,57380851.56,15328393.8,90780764.23,91237024.81,11581448.13,-,-,-,-,-,760809.66,-,-,-,-,-,-,-,-,0.224275,0.086297,0.119742,38225327.24,0.1825696116,2014/1/22 19:23:50,839576484.02
600978,016030,10001427,宜华生活,木业家具,001,001,2,shzb,2009-03-27T00:00:00,2007-12-31T00:00:00,284526282.29,2002301702.28,1674909900.93,0.751219497181078,1457144120.52,0.737162227335358,70099075.04,45177169.07,87725369.02,327391801.35,319295338.72,34517197.66,-,-,-,-,-,736002.48,-,-,-,-,-,-,-,-,0.730182,0.630003,0.64174,292644746.82,0.6623932911,2014/1/22 19:23:47,1457144120.52
000868,016035,10001143,安凯客车,汽车行业,001,001,2,szzb,2009-03-27T00:00:00,2007-12-31T00:00:00,23662864.17,2078439546.23,2064980535.26,0.787088989640988,1843235990.85,1.02771166030817,109886866.46,89886130.92,9785248.03,32451512.95,41690808.28,12832863.49,-,-,-,-,-,3451784.58,-,-,-,-,-,-,-,-,0.141808,1.187174,1.196681,5894684.29,1.0960170851,2014/1/22 19:23:50,1843235990.85
600479,016024,10001335,千金药业,医药制造,001,001,2,shzb,2009-03-27T00:00:00,2007-12-31T00:00:00,173619322.42,679777224.92,613270185.42,0.121491552301639,322306153.13,0.0384754018224155,221324662.76,54291791.28,724107.09,198890566.87,197873846.05,21278873.36,-,-,-,-,-,7280214.15,-,-,-,-,-,-,-,-,0.124567,0.854932,0.914526,59965545.23,2.5621612779,2014/1/22 19:23:54,322306153.13
600298,016012,10000242,安琪酵母,食品饮料,001,001,2,shzb,2009-03-27T00:00:00,2007-12-31T00:00:00,90671341.83,1060786538.12,949224550.22,0.249026981262981,738059240.24,0.290527919648254,131318023.63,57300051.65,22151262.93,116589783.86,133336315.28,11944111.54,-,-,-,-,-,8099587.63,-,-,-,-,-,-,-,-,0.216977,0.019785,0.147207,78292676.26,0.1421969672,2014/1/22 19:23:47,738059240.24
002247,016039,80114925,聚力文化,文化传媒,001,001,2,zxb,2009-03-26T00:00:00,2007-12-31T00:00:00,38912222.12,197406704.01,164760237.41,0.186541515246185,144288077.05,0.18665881946285,8797634.92,10413400.87,90560.99,32646466.6,39421514.06,509291.94,-,-,-,-,-,1302902.79,-,-,-,-,-,-,-,-,0.231452,0.52223,0.653773,36790947.66,0.6082321037,2014/1/22 19:23:54,144288077.05
000911,016012,10001175,南宁糖业,食品饮料,001,001,2,szzb,2009-03-26T00:00:00,2007-12-31T00:00:00,129835994.89,3135942466.92,2993381189.25,0.165088089701348,2541256548.43,0.155768820570533,43120055.84,261589748.24,110511475.22,142953844.65,151753239.45,21847603.17,-,-,-,-,-,22477961.04,-,-,-,-,-,-,-,-,0.126875,-0.322737,-0.346784,123105230.18,-0.3131474337,2014/1/22 19:22:18,2541256548.43
000792,016041,10001089,盐湖股份,化工行业,001,001,2,szzb,2009-03-26T00:00:00,2007-12-31T00:00:00,1006432299.22,3109373717.78,1328303662.95,0.0576102169760463,914266239.74,0.0886829962515937,67036164.21,134506764.41,79282611.69,1781070054.83,2068115853.23,310875898.53,-,-,-,-,-,123651156.73,-,-,-,-,-,-,-,-,0.197593,0.305116,0.215066,1012662602.94,0.2187505201,2014/1/22 19:55:38,914266239.74
002031,016035,10001424,巨轮智能,汽车行业,001,001,2,zxb,2009-03-26T00:00:00,2007-12-31T00:00:00,87597784.0,315698755.94,250203142.14,0.242908826815209,178409418.5,0.238403951604806,6528337.03,39217955.65,22199159.03,65495613.8,94632332.99,7043270.3,-,-,-,-,-,2506894.14,-,-,-,-,-,-,-,-,0.202333,0.069014,0.308633,79121223.79,0.2570141211,2014/1/22 19:23:54,178409418.5
600779,016031,10000728,水井坊,酿酒行业,001,001,2,shzb,2009-03-26T00:00:00,2007-12-31T00:00:00,201239979.12,1003947466.39,584271968.15,-0.00197567818927034,255109791.73,0.0922657125343771,146969070.24,79837980.46,1745400.61,431710217.69,431801833.34,227897325.7,-,-,-,-,-,101000296.94,-,-,-,-,-,-,-,-,0.246942,0.898128,0.978918,193412141.86,1.2009289943,2014/1/22 19:23:53,255109791.73
600853,016005,10000802,龙建股份,工程建设,001,001,2,shzb,2009-03-26T00:00:00,2007-12-31T00:00:00,11932095.21,2175189069.66,2158290550.55,-0.0878735210252435,1949453623.54,-0.0911144961911734,7248191.25,114705337.61,15641488.47,16898519.11,19446555.35,8290772.35,-,-,-,-,-,68487564.09,-,-,-,-,-,-,-,-,-0.135189,-0.43615,-0.32456,10355881.04,-0.3030902584,2014/1/22 19:23:54,1949453623.54
000679,016036,10000999,大连友谊,商业百货,001,001,2,szzb,2009-03-26T00:00:00,2007-12-31T00:00:00,30787429.53,1606572074.77,1541694108.16,0.0151376572523925,1162225275.8,0.0319743400576626,131167461.44,187704705.97,18527824.85,72741161.56,72799051.33,33221462.85,-,-,-,-,-,22445743.82,-,-,-,-,-,-,-,-,0.004581,-0.088404,1.073466,21668850.28,-0.4473374808,2014/1/22 19:22:18,1162225275.8
601857,016023,80010371,中国石油,石油行业,001,001,2,shzb,2009-03-26T00:00:00,2007-12-31T00:00:00,145867000000.0,836353000000.0,636862000000.0,0.278847061327679,479464000000.0,0.322331007474006,41345000000.0,46379000000.0,2658000000.0,206019000000.0,204182000000.0,49871000000.0,-,-,-,-,-,68758000000.0,-,-,-,-,-,-,-,-,0.211994,0.008491,-0.012149,140456000000.0,-0.0162861503,2018/7/17 15:21:47,479464000000.0
600212,016042,10000171,江泉实业,综合行业,001,001,2,shzb,2009-03-26T00:00:00,2007-12-31T00:00:00,-383118960.62,916277643.35,1181674130.55,0.14862966924982,1114865669.73,0.210877590292013,11746537.84,16456288.64,31041991.71,-265396487.2,-410973453.3,-4840441.44,-,-,-,-,-,6622098.8,-,-,-,-,-,-,-,-,-0.074642,-5.878928,-11.290516,-245218094.04,-5.2627957611,2014/1/22 19:23:51,1114865669.73
600965,016009,10001404,福成股份,农牧饲渔,001,001,2,shzb,2009-03-26T00:00:00,2007-12-31T00:00:00,19432509.52,515901828.61,496251729.83,0.0952604223286627,443512999.52,0.0596052439048099,26284378.32,16377506.92,6874561.71,19650098.78,18721404.97,-711104.55,-,-,-,-,-,0.0,-,-,-,-,-,-,-,-,0.090211,-0.023478,0.087003,20338995.12,0.1886956347,2014/1/22 19:23:54,443512999.52
600665,016017,10000472,天地源,房地产,001,001,2,shzb,2009-03-26T00:00:00,2007-12-31T00:00:00,80402993.79,1090663581.47,995721348.61,0.105277721026669,791534090.67,0.0892522654538175,38999699.21,68348721.82,29176896.8,90927130.98,105724756.8,30033138.94,-,-,-,-,-,65398501.16,-,-,-,-,-,-,-,-,0.185739,2.322536,0.119262,70201786.08,5.0435405824,2014/1/22 19:23:54,791534090.67
600319,016041,10000261,亚星化学,化工行业,001,001,2,shzb,2009-03-26T00:00:00,2007-12-31T00:00:00,20115336.03,1944694623.72,1889597188.75,0.125353851831265,1728064620.32,0.123358201277413,33352472.78,60930157.57,67539195.18,33893206.0,39360520.15,5086951.12,-,-,-,-,-,-,-,-,-,-,-,-,-,-,0.11727,-0.400752,-0.387712,15952797.4,-0.5180553475,2014/1/22 19:23:51,1728064620.32
000657,016032,10000979,中钨高新,有色金属,001,001,2,szzb,2009-03-26T00:00:00,2007-12-31T00:00:00,-181641206.22,1520940542.71,1736902903.6,0.152803270918644,1498426905.78,0.113771528083976,5441855.68,52280596.94,24576723.02,-210708590.12,-227096303.85,-1604132.72,-,-,-,-,-,6168046.99,-,-,-,-,-,-,-,-,0.079269,-1.166785,-1.027314,-167710783.27,-1.1516274096,2014/1/22 19:23:52,1498426905.78
002140,016005,80064133,东华科技,工程建设,001,001,2,zxb,2009-03-26T00:00:00,2007-12-31T00:00:00,69003024.17,916296490.97,844185112.99,0.70674000488456,745450813.07,0.830413333697828,11604258.09,61938135.72,-1197151.99,74993327.15,78146625.8,9115886.37,-,-,-,-,-,21534325.33,-,-,-,-,-,-,-,-,0.682797,0.434899,0.414783,67028794.92,0.423496387,2014/1/22 19:23:49,745450813.07
601866,016016,10002328,中远海发,港口水运,001,001,2,shzb,2009-03-26T00:00:00,2007-12-31T00:00:00,3289842881.29,39356882239.17,35494544737.33,0.182326083174189,33895206069.28,0.176175083887432,-,717874418.9,637525308.67,3899573185.56,3914339775.84,620177562.55,-,-,-,-,-,254217600.23,-,-,-,-,-,-,-,-,0.266128,3.37807,3.966637,3190707688.62,3.8984735753,2014/1/22 19:23:55,33895206069.28
000617,016058,10000952,中油资本,多元金融,001,001,2,szzb,2009-03-26T00:00:00,2007-12-31T00:00:00,97749296.65,1017670586.08,977086474.99,0.28137049802076,806443110.77,0.273466081121703,59386383.3,86216405.14,20132027.06,105119898.93,116428631.67,18386839.71,-,-,-,-,-,4713840.81,-,-,-,-,-,-,-,-,0.211682,-0.284593,-0.150456,83659227.48,-0.2693292585,2014/1/22 19:23:55,806443110.77
600486,016050,10000333,扬农化工,农药兽药,001,001,2,shzb,2009-03-26T00:00:00,2007-12-31T00:00:00,100621258.15,1415888523.79,1301553200.66,0.293035238869327,1186187181.83,0.279549087361658,18012810.67,59728963.02,17293077.87,114371951.01,128713363.66,25788095.09,-,-,-,-,-,5992760.95,-,-,-,-,-,-,-,-,0.316,0.396586,0.908342,87276921.34,0.6778392823,2014/1/22 19:23:51,1186187181.83
002037,016041,10001436,久联发展,化工行业,001,001,2,zxb,2009-03-26T00:00:00,2007-12-31T00:00:00,39252084.74,655286587.19,581091196.39,0.0871597082886915,455026045.44,0.10529795635277,27806046.51,85345218.76,4739077.38,75702795.81,79021670.23,19432796.58,-,-,-,-,-,6091727.56,-,-,-,-,-,-,-,-,0.068621,-0.093961,-0.060029,34100560.86,-0.1263398506,2014/1/22 19:23:54,455026045.44
000702,016009,10001020,正虹科技,农牧饲渔,001,001,2,szzb,2009-03-26T00:00:00,2007-12-31T00:00:00,-102504998.31,1390754676.95,1487909733.95,-0.108226436074455,1280327819.41,-0.143012369294862,52268339.03,63494460.36,25849039.19,-95461565.01,-99090619.52,10656681.64,-,-,-,-,-,880727.5,-,-,-,-,-,-,-,-,-0.156903,-3.618052,-4.393521,-98712961.83,-2.1914973271,2014/1/22 19:23:54,1280327819.41
000026,016054,10000615,飞亚达A,珠宝首饰,001,001,2,szzb,2009-03-26T00:00:00,2007-12-31T00:00:00,60876912.74,805273114.09,735709428.16,0.6054634013469,521497507.4,0.679793876461595,105946362.26,82229298.81,18162268.05,71435914.89,71491255.72,9747120.33,-,-,-,-,-,4544164.15,-,-,-,-,-,-,-,-,0.637314,1.045148,0.995344,58923180.78,1.1043822568,2014/1/22 19:23:54,521497507.4
600051,016042,10000024,宁波联合,综合行业,001,001,2,shzb,2009-03-26T00:00:00,2007-12-31T00:00:00,81517884.6,3676151923.93,3604799317.08,-0.212765768728821,3332344831.46,-0.221692975214168,98995653.01,92764585.2,104004.78,108563246.98,145942811.87,60098579.3,-,-,-,-,-,120516643.73,-,-,-,-,-,-,-,-,-0.261779,-0.735865,-0.574291,59562163.8,-0.7449739059,2014/1/22 19:23:53,3332344831.46
000619,016004,10000954,海螺型材,水泥建材,001,001,2,szzb,2009-03-26T00:00:00,2007-12-31T00:00:00,109171551.24,4419325638.97,4228428960.55,0.130415004183762,3973891088.91,0.1328501077144,160822811.2,59015205.6,25248237.39,190896678.42,195527332.48,66046438.88,-,-,-,-,-,9309467.22,-,-,-,-,-,-,-,-,0.11312,-0.16863,-0.222716,107749624.3,-0.2080899281,2014/1/22 19:23:51,3973891088.91
000612,016032,10000948,焦作万方,有色金属,001,001,2,szzb,2009-03-26T00:00:00,2007-12-31T00:00:00,683695592.45,5184783566.89,4173383769.31,0.128221707358687,3955258144.44,0.147324145436976,45859415.6,74669575.58,69084078.67,1040306042.28,1035355647.54,351679773.32,-,-,-,-,-,25753769.14,-,-,-,-,-,-,-,-,0.271213,1.758787,1.656776,687697563.2,1.4514267319,2014/1/22 19:23:53,3955258144.44
600780,016007,10000729,通宝能源,电力行业,001,001,2,shzb,2009-03-26T00:00:00,2007-12-31T00:00:00,240453440.3,2083143313.56,1880074378.08,-0.0629822203361472,1620844278.84,-0.024385790618188,1379949.25,147892575.15,88822367.52,203128513.18,361160660.31,115727935.88,-,-,-,-,-,20365450.9,-,-,-,-,-,-,-,-,-0.076403,-0.184447,0.593292,119568638.33,-0.0340068452,2014/1/22 19:23:54,1620844278.84
001896,016007,10001162,豫能控股,电力行业,001,001,2,szzb,2009-03-26T00:00:00,2007-12-31T00:00:00,11385359.28,427967957.78,457250002.91,-0.254792733043061,427594071.32,-0.211402156925836,143200.0,12293837.11,24765982.68,9014973.58,13082520.21,1665483.09,-,-,-,-,-,3974378.91,-,-,-,-,-,-,-,-,-0.232381,1.122111,1.156077,-47712900.0,0.3849725099,2014/1/22 19:22:18,427594071.32
600804,016056,10000753,鹏博士,电信运营,001,001,2,shzb,2009-03-26T00:00:00,2007-12-31T00:00:00,168315735.84,1310575558.72,1148432599.97,0.912733345791286,1005631076.77,0.849089302774341,31225786.38,70922379.14,18482320.23,157609576.54,163953167.81,195839.72,-,-,-,-,-,21962401.36,-,-,-,-,-,-,-,-,1.164088,29.95539,23.391025,167761082.59,25.4430335498,2014/1/22 19:23:54,1005631076.77
000897,016017,10001163,津滨发展,房地产,001,001,2,szzb,2009-03-26T00:00:00,2007-12-31T00:00:00,74313484.32,1680432826.08,1587391331.1,0.594887314348177,1247523177.93,0.711772234575386,18504644.83,76491305.16,107494740.25,169475658.49,169770052.94,81124506.22,-,-,-,-,-,106227190.69,-,-,-,-,-,-,-,-,0.549577,0.257803,0.098334,12444330.42,-0.5376524837,2014/1/22 19:22:18,1247523177.93
000100,016019,10001326,TCL集团,家电行业,001,001,2,szzb,2009-03-26T00:00:00,2007-12-31T00:00:00,395816000.0,39067561000.0,39210900000.0,-0.242898575183745,32608974000.0,-0.216508022694819,4093884000.0,2042956000.0,270498000.0,192720000.0,452573000.0,124122000.0,-,-,-,-,-,65893000.0,-,-,-,-,-,-,-,-,-0.197982,1.06021,1.212677,135805484.0,1.0829634847,2014/1/22 19:22:19,32608974000.0
002063,016057,80037204,远光软件,软件服务,001,001,2,zxb,2009-03-26T00:00:00,2007-12-31T00:00:00,55511554.0,155474824.09,115088497.71,0.308884913726438,32918777.57,0.0649345648866056,28748406.22,50411089.8,-1915146.15,55402977.18,61807511.45,5860554.05,-,-,-,-,-,2834891.92,-,-,-,-,-,-,-,-,0.246391,0.486336,0.434893,55039445.03,0.4622707241,2014/1/22 19:23:51,32918777.57
002194,016015,80101673,*ST凡谷,通讯行业,001,001,2,,2009-03-26T00:00:00,2007-12-31T00:00:00,229040116.71,1032068152.99,774265500.06,0.242917199317139,724200052.02,0.268894423409712,7224380.05,23130769.99,4553130.26,257799043.77,265893726.72,36853610.01,-,-,-,-,-,8198348.41,-,-,-,-,-,-,-,-,0.262223,0.323968,0.456903,211501787.59,0.4758382321,2014/1/22 19:23:54,724200052.02
002096,016041,80080322,南岭民爆,化工行业,001,001,2,zxb,2009-03-26T00:00:00,2007-12-31T00:00:00,38902805.98,303779360.82,251937332.18,0.317699849746844,186064570.1,0.292652912045782,29293910.57,32446700.59,2153461.45,52863006.43,56165204.55,17051910.71,-,-,-,-,-,2283340.27,-,-,-,-,-,-,-,-,0.294625,0.146888,0.211912,36097461.99,0.206554784,2014/1/22 19:22:20,186064570.1
002119,016022,80061479,康强电子,电子元件,001,001,2,zxb,2009-03-26T00:00:00,2007-12-31T00:00:00,54072609.75,702185794.75,667162414.31,0.154414558423036,615215189.02,0.143346095715237,5463673.25,21558944.55,20501995.62,68704099.77,69966441.07,15893831.32,-,-,-,-,-,286824.61,-,-,-,-,-,-,-,-,0.11381,0.257879,0.269049,29685520.39,-0.2675719199,2014/1/22 19:22:18,615215189.02
000544,016006,10000886,中原环保,公用事业,001,001,2,szzb,2009-03-26T00:00:00,2007-12-31T00:00:00,57170368.49,231766077.88,148039881.66,-0.729830004620884,128590623.6,-0.710712394333675,-,10467771.6,6463133.95,84877247.47,84897247.47,27726878.98,-,-,-,-,-,147902.74,-,-,-,-,-,-,-,-,-0.579941,21.264633,16.371204,56385764.15,15.9833029026,2014/1/22 19:23:54,128590623.6
000421,016006,10000693,南京公用,公用事业,001,001,2,szzb,2009-03-26T00:00:00,2007-12-31T00:00:00,90889106.05,1832138801.52,1809298946.62,0.518546409105502,1495703031.9,0.513495946144773,61244406.33,112488314.79,36958398.86,34446437.72,164921024.88,54815015.0,-,-,-,-,-,76091471.68,-,-,-,-,-,-,-,-,0.466386,-0.557711,0.25967,52247781.3,1.8384550967,2014/1/22 19:22:18,1495703031.9
601628,016028,80001596,中国人寿,保险,001,001,2,shzb,2009-03-26T00:00:00,2007-12-31T00:00:00,28116000000.0,281294000000.0,246475000000.0,-,246475000000.0,0.169003329507404,-,-,-,34819000000.0,34794000000.0,6497000000.0,281294000000.0,-,-,-,-,-,-,-,-,195440000000.0,0.0872939487841379,91377000000.0,43661000000.0,69406000000.0,0.232556,1.003625,0.954672,44486000000.0,1.9117160008,2014/1/22 20:17:31,-
601398,016029,80001067,工商银行,银行,001,001,2,shzb,2009-03-26T00:00:00,2007-12-31T00:00:00,81256000000.0,255556000000.0,142371000000.0,-,142371000000.0,0.296722013243103,-,89030000000.0,-,113185000000.0,115114000000.0,33124000000.0,255556000000.0,224465000000.0,0.372522043267173,38359000000.0,-,14511000000.0,89030000000.0,-,-,-,-,-,-,-,0.406475,0.596133,0.664434,80082000000.0,0.6556472121,2014/1/22 20:17:19,-
002100,016009,80088473,天康生物,农牧饲渔,001,001,2,zxb,2009-03-26T00:00:00,2007-12-31T00:00:00,48342756.97,670654885.49,623752026.88,0.625424993084698,519265556.61,0.568581291350422,29966721.6,58776362.74,9490760.23,46902858.61,48535712.18,99739.96,-,-,-,-,-,1054125.14,-,-,-,-,-,-,-,-,0.590427,0.232281,0.270323,46657293.55,0.224582472,2014/1/22 19:23:49,519265556.61
002234,016009,80080284,民和股份,农牧饲渔,001,001,2,zxb,2009-03-26T00:00:00,2007-12-31T00:00:00,84716351.22,564376287.81,469664552.13,0.318753050541896,427498571.47,0.328975318502791,10442951.11,16880647.15,15169460.33,94711735.68,90999093.04,1892400.38,-,-,-,-,-,847.5,-,-,-,-,-,-,-,-,0.426597,1.399762,1.042791,82225175.64,1.0971612325,2014/1/22 19:22:20,427498571.47
002071,016039,80080427,长城影视,文化传媒,001,001,2,zxb,2009-03-26T00:00:00,2007-12-31T00:00:00,5762261.11,314500354.17,311153975.55,0.106305346002427,265189106.06,0.0740906386950094,10241717.1,27139934.92,6306776.92,3587479.62,6644609.02,590291.97,-,-,-,-,-,1106453.19,-,-,-,-,-,-,-,-,0.009584,-0.881443,-0.740425,2644458.88,-0.8729184808,2014/1/22 19:23:49,265189106.06
002068,016041,80080428,黑猫股份,化工行业,001,001,2,zxb,2009-03-26T00:00:00,2007-12-31T00:00:00,73778450.1,1380519023.7,1290667157.08,0.320939345205745,1120526899.94,0.331297036110129,96528140.81,26157620.37,39777883.93,89742840.88,92047662.81,7511783.72,-,-,-,-,-,3778433.65,-,-,-,-,-,-,-,-,0.304646,0.106951,0.291909,71505910.5,0.1658873949,2014/1/22 19:23:49,1120526899.94
000958,016007,10001210,东方能源,电力行业,001,001,2,szzb,2009-03-25T00:00:00,2007-12-31T00:00:00,10061351.45,982622648.48,969283168.03,-0.0578967288827976,828064082.78,-0.0281689118655015,6724399.2,63419694.32,76859705.18,14782693.64,14363703.15,2771107.72,-,-,-,-,-,7807205.28,-,-,-,-,-,-,-,-,-0.055474,0.350362,3.94116,8037952.07,1.8393360321,2014/1/22 19:23:51,828064082.78
002148,016015,80097449,北纬科技,通讯行业,001,001,2,zxb,2009-03-25T00:00:00,2007-12-31T00:00:00,31895344.51,107133367.36,71918774.12,-0.106917382442085,43026634.74,-0.0614886843163913,10863207.69,17106402.62,-2472662.74,35214593.24,37258857.04,5363512.53,-,-,-,-,-,3490999.19,-,-,-,-,-,-,-,-,-0.058638,0.058193,0.012594,26765043.09,-0.1538340946,2014/1/22 19:23:54,43026634.74
002236,016055,80114646,大华股份,安防设备,001,001,2,zxb,2009-03-25T00:00:00,2007-12-31T00:00:00,89846549.66,405185173.71,329253831.81,-0.216886435731255,238461729.68,-0.191107113917365,39250233.21,49325189.2,-1021787.39,77298973.26,96678152.37,6806047.7,-,-,-,-,-,3250052.87,-,-,-,-,-,-,-,-,-0.090572,1.413116,0.796611,86224888.04,1.2866068253,2014/1/22 19:23:49,238461729.68
002170,016051,80096519,芭田股份,化肥行业,001,001,2,zxb,2009-03-25T00:00:00,2007-12-31T00:00:00,61305165.91,1641482382.9,1567064595.7,0.593916081147093,1462967862.14,0.619342705663766,57389769.96,40022166.36,6866038.08,74417787.2,76824420.3,12973740.18,-,-,-,-,-,-,-,-,-,-,-,-,-,-,0.592729,0.568129,0.613962,59007744.12,0.5908850291,2014/1/22 19:23:51,1462967862.14
600861,016036,10000810,北京城乡,商业百货,001,001,2,shzb,2009-03-25T00:00:00,2007-12-31T00:00:00,79002210.04,1564247689.41,1435704171.59,0.06110181312195,1206579135.72,0.0883422487508455,111525935.5,108280395.85,-2621382.84,165948168.73,93379452.45,23256147.55,-,-,-,-,-,10228310.73,-,-,-,-,-,-,-,-,0.096318,0.391616,0.141022,79674969.13,4.9808873174,2014/1/22 19:23:53,1206579135.72
002104,016014,80089191,恒宝股份,电子信息,001,001,2,zxb,2009-03-25T00:00:00,2007-12-31T00:00:00,61388770.59,352206953.09,281390968.86,0.412181057443717,231260779.21,0.467034349381447,16204775.49,30592769.26,-1315872.82,70815984.23,86917167.67,23333636.75,-,-,-,-,-,2844278.79,-,-,-,-,-,-,-,-,0.41119,0.407266,0.449873,60957082.78,0.4490777796,2014/1/22 19:23:47,231260779.21
600566,016024,10000381,济川药业,医药制造,001,001,2,shzb,2009-03-25T00:00:00,2007-12-31T00:00:00,10875698.38,218550423.7,210429649.6,0.0627392287693747,160744732.69,0.126224957397252,12832777.72,22349914.1,8870764.47,10471939.78,16816930.39,5917270.92,-,-,-,-,-,1946701.85,-,-,-,-,-,-,-,-,0.032602,-0.239218,0.118106,6618038.32,-0.2429825025,2014/1/22 19:23:49,160744732.69
002060,016005,80023479,粤水电,工程建设,001,001,2,zxb,2009-03-25T00:00:00,2007-12-31T00:00:00,77231373.87,2193896505.91,2108775070.49,0.0979551284218445,1957029703.91,0.102816654045367,-,52464859.81,23673571.37,85123045.25,84460900.24,7265691.77,-,-,-,-,-,71622706.63,-,-,-,-,-,-,-,-,0.099233,0.044274,0.121248,77981294.95,0.1507402854,2014/1/22 19:23:47,1957029703.91
002242,016019,80115432,九阳股份,家电行业,001,001,2,zxb,2009-03-25T00:00:00,2007-12-31T00:00:00,313355370.96,1942805380.28,1537205761.32,0.72572722634416,1235544296.72,0.575802100058457,189673210.11,107431254.12,-2640157.49,405599618.96,415076187.32,52391975.26,-,-,-,-,-,1033905.85,-,-,-,-,-,-,-,-,1.080504,8.420167,5.209145,305218336.51,5.0609704655,2014/1/22 19:23:51,1235544296.72
601607,016024,10000798,上海医药,医药制造,001,001,2,shzb,2009-03-25T00:00:00,2007-12-31T00:00:00,66278120.24,13919791226.33,13805371948.32,0.0935337404610874,12697797344.89,0.0966557070027134,625499101.72,309982119.66,113763964.71,122604219.03,146550408.16,51073726.21,-,-,-,-,-,20932822.87,-,-,-,-,-,-,-,-,0.101322,12.773705,2.69954,58524222.06,0.2579861466,2014/1/22 19:23:55,12697797344.89
002118,016024,80080328,紫鑫药业,医药制造,001,001,2,zxb,2009-03-25T00:00:00,2007-12-31T00:00:00,47948514.49,170649245.31,116189068.81,0.483250419461863,41907545.96,0.464265079602474,54206841.03,13667621.87,3691829.85,54460176.5,53490763.62,5533909.72,-,-,-,-,-,1886764.44,-,-,-,-,-,-,-,-,0.382929,0.208537,0.627033,47199756.79,0.5960678417,2014/1/22 19:23:51,41907545.96
000502,016017,10000844,绿景控股,房地产,001,001,2,szzb,2009-03-25T00:00:00,2007-12-31T00:00:00,4585861.71,443662991.28,392072579.02,0.767637088943892,269021170.63,0.761453609986736,12909640.83,19570564.5,-234538.57,52136819.41,52277735.04,40981895.41,-,-,-,-,-,31199257.8,-,-,-,-,-,-,-,-,0.777558,0.860554,-0.543295,3522083.99,-0.3106883121,2014/1/22 19:23:49,269021170.63
600639,016017,10000446,浦东金桥,房地产,001,001,2,shzb,2009-03-25T00:00:00,2007-12-31T00:00:00,206663652.46,801142014.52,550600267.72,-0.231202009634088,297949535.76,-0.427270509967615,10368475.9,81885346.01,80906415.85,260468664.53,274141921.34,37416249.04,-,-,-,-,-,93607376.11,-,-,-,-,-,-,-,-,-0.192696,-0.062468,0.047989,187667592.56,0.005099051,2014/1/22 19:23:51,297949535.76
600529,016044,10000358,山东药玻,玻璃陶瓷,001,001,2,shzb,2009-03-25T00:00:00,2007-12-31T00:00:00,114737341.98,1012129757.92,857521473.1,0.193963141424892,705906632.33,0.22480036187058,84961328.19,43014387.2,11678743.55,160057245.25,164892550.65,49598007.58,-,-,-,-,-,9883236.04,-,-,-,-,-,-,-,-,0.182709,0.125207,0.155482,99667046.69,0.06431389,2014/1/22 19:23:53,705906632.33
600270,016003,10000221,外运发展,交运物流,001,001,2,shzb,2009-03-25T00:00:00,2007-12-31T00:00:00,638070486.36,2854421030.59,2704255628.63,-0.691705674328634,2418249195.65,-0.66665384472763,111236047.8,190589845.91,-34278110.14,712795525.7,713721497.13,79267199.95,-,0.0,-,0.0,-,24107635.72,-,0.0,0.0,-,-,-,-,-,-0.154973,-0.374395,0.009241,595554100.0,-0.1336879799,2014/1/22 19:23:47,2418249195.65
600218,016043,10000176,全柴动力,机械行业,001,001,2,shzb,2009-03-25T00:00:00,2007-12-31T00:00:00,21950084.25,1133637384.28,1126857214.44,0.0235652599717732,1035156737.15,0.0194623570702,27997262.26,45453982.92,-9181509.8,42189564.19,43620309.76,24031407.5,-,-,-,-,-,2497460.63,-,-,-,-,-,-,-,-,0.006714,0.26852,0.176244,-5789469.72,1.5430055472,2014/1/22 19:23:53,1035156737.15
300477,016020,80100574,合纵科技,输配电气,001,001,2,cyb,2009-03-25T00:00:00,2007-12-31T00:00:00,11344176.67,99925990.19,85326859.59,0.250544843368907,76485029.68,0.322226371967474,2626628.59,4757498.57,1011146.45,14814772.14,14732522.0,3372206.45,-,-,-,-,-,446556.3,-,-,-,-,-,-,-,-,0.254449,0.451012,0.387079,-,-,2014/1/22 19:23:52,76485029.68
002072,016057,80028642,凯瑞德,软件服务,001,001,2,zxb,2009-03-25T00:00:00,2007-12-31T00:00:00,25516988.46,916963146.48,881305065.51,-0.0374898468163763,779704835.84,-0.0335400167800119,16757222.95,30876880.0,46116380.34,35658080.97,37168461.36,11651472.9,-,-,-,-,-,5051535.29,-,-,-,-,-,-,-,-,-0.037081,-0.026854,-0.061377,24505033.6,-0.0291194994,2014/1/22 19:23:51,779704835.84
000639,016012,10000972,西王食品,食品饮料,001,001,2,szzb,2009-03-25T00:00:00,2007-12-31T00:00:00,3290144.17,129781100.13,122257232.03,-0.0966318922402686,99298905.06,-0.118872085132651,3314478.21,9441705.02,7204803.23,7523868.1,8613868.1,4458455.14,-,-,-,-,-,2102835.27,-,-,-,-,-,-,-,-,-0.145568,-0.545571,-0.596278,2632874.17,-0.6635660185,2014/1/22 19:23:48,99298905.06
600376,016017,10000300,首开股份,房地产,001,001,2,shzb,2009-03-25T00:00:00,2007-12-31T00:00:00,317191754.07,7255163469.18,6676447140.51,0.532704433250929,5166241400.58,0.629341591586514,209507700.61,373852097.19,209637314.5,609905378.92,624707834.57,286084161.6,-,-,-,-,-,717446972.34,-,-,-,-,-,-,-,-,0.56716,1.12377,0.894414,-275177400.53,-8.2900741934,2014/1/22 19:22:19,5166241400.58
000759,016036,10001063,中百集团,商业百货,001,001,2,szzb,2009-03-25T00:00:00,2007-12-31T00:00:00,125816436.95,6959421542.08,6818115960.29,0.288579307296229,5752122597.6,0.293423131072364,722210414.36,256262450.75,43345212.02,162974029.22,168739669.26,42312881.68,-,-,-,-,-,40600165.89,-,-,-,-,-,-,-,-,0.292446,0.700448,0.533272,121729501.22,0.6535160705,2014/1/22 19:22:18,5752122597.6
000400,016020,10000673,许继电气,输配电气,001,001,2,szzb,2009-03-25T00:00:00,2007-12-31T00:00:00,115985129.7,2454629797.64,2282547045.6,0.0377993536277289,1704794702.95,0.020533439604344,198598917.24,222332237.78,143171642.93,175450777.79,215682179.59,51538582.31,-,-,-,-,-,10257476.65,-,-,-,-,-,-,-,-,0.033413,-0.021876,-0.106125,113808247.14,-0.1150122574,2014/1/22 19:23:46,1704794702.95
000151,016037,10000662,中成股份,国际贸易,001,001,2,szzb,2009-03-25T00:00:00,2007-12-31T00:00:00,40295011.14,718167502.61,721274355.9,-0.320827530872584,618325781.27,-0.304554416349552,27102546.34,48608054.64,20817362.56,79287434.95,80478188.24,40064124.2,-,-,-,-,-,930943.28,-,-,-,-,-,-,-,-,-0.344106,0.573339,-0.167645,-5599639.22,-1.1628458737,2014/1/22 19:23:48,618325781.27
600355,016022,10000283,精伦电子,电子元件,001,001,2,shzb,2009-03-25T00:00:00,2007-12-31T00:00:00,6911567.88,255611379.77,256852220.6,-0.00642915663311914,163522039.54,0.0331829791389602,35459810.02,54406653.04,210229.65,3323372.28,10059977.96,3148410.08,-,-,-,-,-,1094240.65,-,-,-,-,-,-,-,-,0.020561,1.885873,4.081988,-18604574.35,-2.1320158645,2014/1/22 19:23:55,163522039.54
000686,016027,10001005,东北证券,券商信托,001,001,2,szzb,2009-03-25T00:00:00,2007-12-31T00:00:00,1110780435.62,2548110160.87,-,-,-,-,-,706993429.06,-,1678756504.01,1684689313.69,573918766.42,-,73379331.92,-,1663863101.99,3.83165934982631,125284798.94,-,-,-,-,-,-,-,-,4.682539,11.611343,12.063038,1107144163.32,68.0421350549,2017/4/1 16:43:50,-
600794,016003,10000743,保税科技,交运物流,001,001,2,shzb,2009-03-25T00:00:00,2007-12-31T00:00:00,17142342.28,103278399.77,72326549.36,0.220265875278208,32733701.71,0.153690564293119,935626.61,26936800.1,6475359.86,30951850.41,32466576.65,15388532.46,-,-,-,-,-,4936225.19,-,-,-,-,-,-,-,-,0.12272,-0.053989,0.453227,15379789.91,-0.1899466272,2014/1/22 19:23:53,32733701.71
002259,016006,80116270,ST升达,公用事业,001,001,2,,2009-03-25T00:00:00,2007-12-31T00:00:00,36495586.75,484470047.53,441982062.32,0.304850452450678,327403970.93,0.31248827922896,70990933.14,20772927.42,19377957.56,42729074.64,43812115.64,7616397.34,-,-,-,-,-,3420390.36,-,-,-,-,-,-,-,-,0.30161,0.279373,0.293818,35213023.85,0.2616281266,2014/1/22 19:23:55,327403970.93
600039,016005,10001266,四川路桥,工程建设,001,001,2,shzb,2009-03-25T00:00:00,2007-12-31T00:00:00,20270872.43,1800120495.35,1768174133.73,-0.24989838430678,1599077072.12,-0.260129065687808,-,80949884.68,29705983.66,49466938.95,44212913.87,9114291.22,-,-,-,-,-,52437761.81,-,-,-,-,-,-,-,-,-0.281987,0.769232,0.070322,16442785.34,1.8222392561,2014/1/22 19:22:19,1599077072.12
000877,016004,10001147,天山股份,水泥建材,001,001,2,szzb,2009-03-25T00:00:00,2007-12-31T00:00:00,104795187.22,2517818077.26,2467885255.24,0.216316964188063,1881450295.1,0.222979239395688,235281978.61,139566518.61,129333469.43,91854433.5,214740841.02,41652192.24,-,-,-,-,-,20769169.98,-,-,-,-,-,-,-,-,0.255403,8.161646,1.368085,107414312.19,2.4748169968,2014/1/22 19:23:54,1881450295.1
002220,016012,80104414,天宝食品,食品饮料,001,001,2,zxb,2009-03-25T00:00:00,2007-12-31T00:00:00,47694090.26,431433823.12,383642781.17,0.861077212564927,369668905.13,0.905853663667584,4350185.12,6224253.01,3346675.53,47791041.95,47694090.26,-,-,-,-,-,-,166365.84,-,-,-,-,-,-,-,-,0.845857,0.732141,0.966636,47791041.95,0.7944344879,2014/1/22 19:23:51,369668905.13
600231,016033,10000188,凌钢股份,钢铁行业,001,001,2,shzb,2009-03-25T00:00:00,2007-12-31T00:00:00,568180774.7,7405235620.67,6655912953.3,0.169880218285291,6319064371.0,0.171348635230815,99134111.93,142538776.98,5633663.98,749534466.7,749026196.14,180845421.44,-,-,-,-,-,43588593.85,-,-,-,-,-,-,-,-,0.17713,0.111788,0.135319,331527870.65,-0.0360046576,2014/1/22 19:23:47,6319064371.0
600584,016022,10001276,长电科技,电子元件,001,001,2,shzb,2009-03-25T00:00:00,2007-12-31T00:00:00,144190764.84,2320299821.7,2103795126.39,0.141405635280315,1743636730.64,0.140405669101035,40179773.86,186990884.28,107319506.57,216515768.91,216202078.1,64383213.07,-,-,-,-,-,9825591.53,-,-,-,-,-,-,-,-,0.174353,0.653606,0.50413,140496532.8,0.5379756395,2014/1/22 19:23:53,1743636730.64
600594,016024,10001338,益佰制药,医药制造,001,001,2,shzb,2009-03-25T00:00:00,2007-12-31T00:00:00,92742582.11,1006318965.0,929925475.5,0.0445897245414855,257794468.08,0.229939751143746,528379125.82,98212368.83,29449878.74,70285149.99,109476508.99,15284111.43,-,-,-,-,-,11867393.23,-,-,-,-,-,-,-,-,0.347711,1.478701,1.66738,59377006.0,1.4559126205,2014/1/22 19:23:55,257794468.08
601988,016029,80001122,中国银行,银行,001,001,2,shzb,2009-03-25T00:00:00,2007-12-31T00:00:00,56229000000.0,194195000000.0,104725000000.0,-,104725000000.0,0.307101847229156,-,65442000000.0,-,89470000000.0,89955000000.0,27938000000.0,194195000000.0,152745000000.0,0.258496675482611,35535000000.0,-,8726000000.0,65442000000.0,-,-,-,-,-,-,-,0.236832,0.337402,0.319186,58330000000.0,0.4039726784,2014/1/22 20:17:19,-
600519,016031,10000351,贵州茅台,酿酒行业,001,001,2,shzb,2009-03-25T00:00:00,2007-12-31T00:00:00,2830831594.36,7237430747.12,2713904695.32,0.122362599144987,871643568.33,0.108199680499544,560385186.98,723155575.2,-44743824.95,4525341001.8,4522025015.93,1555972506.98,-,-,-,-,-,604078928.41,-,-,-,-,-,-,-,-,0.47601,0.819513,0.832476,2833053304.89,0.8918589081,2017/3/22 13:43:22,871643568.33
002038,016024,10001437,双鹭药业,医药制造,001,001,2,zxb,2009-03-25T00:00:00,2007-12-31T00:00:00,134800571.85,237530969.91,140953498.05,0.483679683826597,81626117.77,0.519309222245697,10753117.66,48719016.17,-2151341.58,139450216.52,149083556.4,14259455.09,-,-,-,-,-,2546187.61,-,-,-,-,-,-,-,-,0.625473,1.554167,1.817054,89860208.69,0.9174302184,2014/1/22 19:23:51,81626117.77
002213,016035,80104753,特尔佳,汽车行业,001,001,2,zxb,2009-03-24T00:00:00,2007-12-31T00:00:00,23917310.7,135718298.81,114372606.9,0.183329298986634,86250813.32,0.220321356440955,16807889.31,11271280.89,-117326.26,21345691.91,24487993.47,570682.77,-,-,-,-,-,320016.44,-,-,-,-,-,-,-,-,0.189486,0.223599,0.367466,20811015.78,0.2878350171,2014/1/22 19:23:49,86250813.32
002090,016014,80087903,金智科技,电子信息,001,001,2,zxb,2009-03-24T00:00:00,2007-12-31T00:00:00,48563227.1,356270295.47,323059216.25,0.142445955195114,244756847.9,0.149286026673275,27445182.44,46747721.81,-2049724.53,33211079.22,52930466.6,4371524.05,-,-,-,-,-,2575415.6,-,-,-,-,-,-,-,-,0.104262,-0.169098,0.048586,41827521.09,-0.0316626479,2014/1/22 19:22:20,244756847.9
600251,016009,10001277,冠农股份,农牧饲渔,001,001,2,shzb,2009-03-24T00:00:00,2007-12-31T00:00:00,13846010.58,517984967.95,536971476.43,0.597446828973501,433411280.11,0.880520428352549,50229791.65,33410757.64,20466347.07,242353.51,20449092.56,313183.86,-,-,-,-,-,2186179.87,-,-,-,-,-,-,-,-,0.754851,1.007366,1.510983,-7469407.32,0.7842062972,2014/1/22 19:23:52,433411280.11
000728,016027,10001043,国元证券,券商信托,001,001,2,szzb,2009-03-24T00:00:00,2007-12-31T00:00:00,2279685499.5,4099557537.95,-,-,-,-,-,758494223.07,-,3155283252.85,3273403517.33,989599152.29,-,81819887.66,-,1612017488.41,3.73129218487235,155798633.6,-,-,-,-,-,-,-,-,2.458844,2.983114,3.135477,2159454148.08,7.4909180101,2017/4/1 16:43:51,-
000680,016043,10001000,山推股份,机械行业,001,001,2,szzb,2009-03-24T00:00:00,2007-12-31T00:00:00,445993670.07,4818102542.91,4437340376.81,0.405467210859015,3934881674.3,0.425637609477456,211970173.03,219483356.03,42540418.32,568230069.38,567010988.37,94914663.24,-,-,-,-,-,14855067.16,-,-,-,-,-,-,-,-,0.436088,0.762658,0.906544,450128060.95,0.8103143101,2014/1/22 19:22:20,3934881674.3
600520,016043,10000352,文一科技,机械行业,001,001,2,shzb,2009-03-24T00:00:00,2007-12-31T00:00:00,-15225406.93,254245916.79,277218707.9,-0.111734583453587,198523876.14,-0.213696523572075,17183045.96,22140995.02,5337245.55,-23047607.5,-18751031.27,611365.07,-,-,-,-,-,462704.72,-,-,-,-,-,-,-,-,-0.198489,-5.294177,-6.006585,-24863052.06,-16.5188143618,2014/1/22 19:22:20,198523876.14
scode,hycode,companycode,sname,publishname,reporttimetypecode,combinetypecode,dataajusttype,mkt,noticedate,reportdate,parentnetprofit,totaloperatereve,totaloperateexp,totaloperateexp_tb,operateexp,operateexp_tb,saleexp,manageexp,financeexp,operateprofit,sumprofit,incometax,operatereve,intnreve,intnreve_tb,commnreve,commnreve_tb,operatetax,operatemanageexp,commreve_commexp,intreve_intexp,premiumearned,premiumearned_tb,investincome,surrenderpremium,indemnityexp,tystz,yltz,sjltz,kcfjcxsyjlr,sjlktz,eutime,yyzc
600850,016014,10000799,华东电脑,电子信息,001,001,2,shzb,2018-04-28T00:00:00,2017-12-31T00:00:00,288610057.58,6597812186.79,6242667640.3,0.0862696716317888,5507563869.11,0.101046372531852,275633725.08,434548669.44,560308.76,363213292.25,360413248.66,47790857.28,-,-,-,-,-,13807181.83,-,-,-,-,-,-,-,-,0.089204,0.141332,0.049343,278574024.11,0.1177660065,2018/4/27 18:37:15,5507563869.11
002156,016022,80097729,通富微电,电子元件,001,001,2,zxb,2018-04-28T00:00:00,2017-12-31T00:00:00,122129358.22,6519255165.45,6491597072.35,0.459651234004747,5576351054.88,0.480958209573128,42678986.89,655543450.85,198491984.73,156141078.37,177769455.19,-19382118.87,-,-,-,-,-,25027969.26,-,-,-,-,-,-,-,-,0.419805,0.081882,-0.32456,3248193.62,-0.9695184474,2018/4/27 19:02:44,5576351054.88
000669,016006,10000990,金鸿控股,公用事业,001,001,2,szzb,2018-04-28T00:00:00,2017-12-31T00:00:00,239631229.82,3764721319.53,3430396803.91,0.581370641612894,2743376867.09,0.66513368217282,75644749.51,248351315.33,290994533.89,463925305.29,458918139.87,168624721.02,-,-,-,-,-,34267048.92,-,-,-,-,-,-,-,-,0.523474,0.515654,0.257646,170454857.82,-0.0604978462,2018/4/27 23:37:27,2743376867.09
600053,016058,10000026,九鼎投资,多元金融,001,001,2,shzb,2018-04-28T00:00:00,2017-12-31T00:00:00,323846456.64,755990822.26,505160019.09,-0.49703459964709,11253830.87,-0.953174211672286,19917075.16,417656216.18,47907936.74,384827563.72,383458782.87,53172806.65,-,-,-,-,-,8962905.12,-,-,-,-,-,-,-,-,-0.540195,-0.480601,-0.496224,304787450.59,-0.505454794,2018/4/28 3:28:58,11253830.87
600825,016039,10000774,新华传媒,文化传媒,001,001,2,shzb,2018-04-28T00:00:00,2017-12-31T00:00:00,45009876.21,1427161940.07,1469367867.07,-0.0392594057950653,901538154.07,-0.111252150323893,418262492.17,115248407.69,-77037057.31,38254751.36,45795024.88,5018836.94,-,-,-,-,-,9553077.04,-,-,-,-,-,-,-,-,-0.063894,0.243467,-0.070178,-110277190.68,-1.6828029627,2018/4/27 18:29:50,901538154.07
600237,016022,10000194,铜峰电子,电子元件,001,001,2,shzb,2018-04-28T00:00:00,2017-12-31T00:00:00,14041398.58,813360704.69,830233429.74,0.0229310605236157,654849369.65,0.168403253312644,41952423.64,95898661.08,26352224.24,17464737.58,20994205.6,6485512.21,-,-,-,-,-,11726572.41,-,-,-,-,-,-,-,-,0.377407,1.079028,1.066915,-25337077.09,0.8832433323,2018/4/27 19:08:19,654849369.65
600145,016044,10000111,*ST新亿,玻璃陶瓷,001,001,2,,2018-04-28T00:00:00,2017-12-31T00:00:00,10235135.19,341552374.98,357626272.41,21.5216980184591,341019174.43,26.1540920884667,-,5038218.37,-5758780.38,-16073897.43,10235135.19,-,-,-,-,-,-,309677.34,-,-,-,-,-,-,-,-,25.898691,-4.052372,4.216598,-16073897.43,-4.0523718205,2018/4/28 6:21:02,341019174.43
600201,016050,10000161,生物股份,农药兽药,001,001,2,shzb,2018-04-28T00:00:00,2017-12-31T00:00:00,870094412.79,1901010264.21,913900041.2,0.19855249545065,392119096.92,0.163667391116663,270921358.5,241241990.01,-34754525.54,1025515700.62,1025367928.13,157160726.4,-,-,-,-,-,17298429.35,-,-,-,-,-,-,-,-,0.253122,0.32782,0.349943,864458508.61,0.3591048997,2018/4/28 5:17:57,392119096.92
000597,016024,10000934,东北制药,医药制造,001,001,2,szzb,2018-04-28T00:00:00,2017-12-31T00:00:00,118995323.6,5676351554.6,5610499395.61,0.165060697546614,3431798537.02,0.04147989580831,1121589294.81,717886379.18,162811542.92,114531895.98,102172874.38,10115143.57,-,-,-,-,-,74558063.75,-,-,-,-,-,-,-,-,0.179036,70.705302,4.002313,114521798.94,11.2165365948,2018/4/27 16:02:05,3431798537.02
600255,016032,10000207,梦舟股份,有色金属,001,001,2,shzb,2018-04-28T00:00:00,2017-12-31T00:00:00,150430363.59,5375168723.13,5227399411.51,0.0492563826078229,4898773327.93,0.0373099702861319,59156187.38,138098071.4,83005309.97,195612272.32,206556573.23,14397597.52,-,-,-,-,-,21243721.14,-,-,-,-,-,-,-,-,0.045444,0.002824,-0.215565,89494263.35,-0.3644251954,2018/4/27 21:37:52,4898773327.93
600487,016015,10001298,亨通光电,通讯行业,001,001,2,shzb,2018-04-28T00:00:00,2017-12-31T00:00:00,2108827809.6,25950269006.99,23934071496.58,0.329101659101648,20738414676.46,0.361359511442527,916595024.18,1660204301.04,387730308.94,2513405843.69,2565446514.89,329686574.79,-,-,-,-,-,118065351.87,-,-,-,-,-,-,-,-,0.344024,0.583016,0.601976,1906149660.3,0.7234665484,2018/4/28 5:11:31,20738414676.46
601258,016036,80136934,庞大集团,商业百货,001,001,2,shzb,2018-04-28T00:00:00,2017-12-31T00:00:00,212019317.0,70485148223.0,70381111030.0,0.0746075163495729,63970406542.0,0.0735019816636149,2288239711.0,1865452968.0,1709453534.0,577144074.0,612521481.0,418242892.0,-,-,-,-,-,321202014.0,-,-,-,-,-,-,-,-,0.067805,0.045731,-0.444532,-208954843.0,-2.0733908251,2018/4/28 4:18:27,63970406542.0
603958,016010,80289545,哈森股份,纺织服装,001,001,2,shzb,2018-04-28T00:00:00,2017-12-31T00:00:00,18171397.36,1496871964.82,1503780675.36,-0.0801207701576288,719637997.53,-0.135081569446949,609814185.2,99540488.56,-116891.17,15761388.39,15911098.59,817316.3,-,-,-,-,-,17020615.26,-,-,-,-,-,-,-,-,-0.110305,-0.67864,-0.774241,-11766298.82,-1.2227733701,2018/4/27 22:48:22,719637997.53
002785,016004,80199130,万里石,水泥建材,001,001,2,zxb,2018-04-28T00:00:00,2017-12-31T00:00:00,-6440498.99,923275139.66,929722565.73,0.108888195226629,753554353.55,0.117297527810767,64405897.3,59360792.26,23140559.41,-1815821.25,-969094.15,3810227.68,-,-,-,-,-,4561101.95,-,-,-,-,-,-,-,-,0.057051,-1.046113,-1.278987,-8248346.47,-1.3962408554,2018/4/27 21:19:55,753554353.55
600896,016047,10000564,*ST海投,医疗行业,001,001,2,,2018-04-28T00:00:00,2017-12-31T00:00:00,-692999972.04,44111203.51,204567262.82,-0.876583739295867,5496182.43,-0.992955838744011,217800.33,118099677.8,77093023.85,-689235923.0,-689390168.27,5017252.11,-,-,-,-,-,398893.96,-,-,-,-,-,-,-,-,-0.948361,-0.794133,-0.508598,-163995852.0,0.8042086447,2018/4/28 0:02:27,5496182.43
600983,016019,10001413,惠而浦,家电行业,001,001,2,shzb,2018-04-28T00:00:00,2017-12-31T00:00:00,-96975651.32,6364091904.6,6931139095.47,0.0589350026417368,5052353077.15,0.0495445102178426,1244557088.43,388585678.56,72045871.54,-89905643.77,-104527804.53,-7552153.21,-,-,-,-,-,48613988.34,-,-,-,-,-,-,-,-,-0.060487,-1.37449,-1.342358,-488469692.49,-7.5791437606,2018/4/28 1:52:00,5052353077.15
000004,016024,10000593,国农科技,医药制造,001,001,2,szzb,2018-04-28T00:00:00,2017-12-31T00:00:00,8566720.65,138605841.98,143928512.28,-0.451829476354661,52751671.59,-0.719514486055421,74382698.72,14877342.94,-1291696.85,8796946.37,9716431.21,3824189.8,-,-,-,-,-,3150520.61,-,-,-,-,-,-,-,-,-0.518178,-0.828872,-0.782013,-3009230.52,-1.1899158235,2018/4/27 19:11:18,52751671.59
002650,016012,80191712,加加食品,食品饮料,001,001,2,zxb,2018-04-28T00:00:00,2017-12-31T00:00:00,159283578.65,1891213643.43,1693955951.14,-0.00848648466336621,1375336115.92,0.00533278941378174,167886301.02,114524126.92,9029872.15,203562462.32,198617204.32,39333625.67,-,-,-,-,-,22025644.14,-,-,-,-,-,-,-,-,0.002401,0.09222,0.061194,154413927.4,0.1000674786,2018/4/27 23:46:23,1375336115.92
601118,016018,80094508,海南橡胶,塑胶制品,001,001,2,shzb,2018-04-28T00:00:00,2017-12-31T00:00:00,-264044536.18,10818322651.34,11562107998.78,0.235729067334413,10247608097.04,0.228145363669152,190100853.42,580327297.54,160171554.31,-482034259.43,-259046791.15,17181864.04,-,-,-,-,-,27792837.88,-,-,-,-,-,-,-,-,0.218759,-1.89263,-5.307031,-736790507.0,-0.4272588756,2018/4/27 23:00:28,10247608097.04
000596,016031,10000933,古井贡酒,酿酒行业,001,001,2,szzb,2018-04-28T00:00:00,2017-12-31T00:00:00,1148740644.93,6968325048.55,5560167242.54,0.112571588005736,1642588056.43,0.0781067128089581,2170081383.54,603552959.1,-25927285.82,1594452783.43,1612217263.8,426985526.34,-,-,-,-,-,1136317983.99,-,-,-,-,-,-,-,-,0.158079,0.426497,0.384642,1069457368.7,0.3494149598,2018/4/27 16:51:44,1642588056.43
600568,016024,10000383,中珠医疗,医药制造,001,001,2,shzb,2018-04-28T00:00:00,2017-12-31T00:00:00,169343639.21,981023762.62,983531287.15,0.0721307749853761,513787694.12,-0.261150977545408,15993938.85,104066335.43,-33003828.22,260911443.59,256769780.02,96471960.85,-,-,-,-,-,25151198.4,-,-,-,-,-,-,-,-,-0.107331,-0.214836,-0.424342,-34959356.55,-1.2403634405,2018/4/28 5:56:33,513787694.12
600601,016014,10000408,方正科技,电子信息,001,001,2,shzb,2018-04-28T00:00:00,2017-12-31T00:00:00,-822144631.66,5098802144.03,5940162743.45,-0.0975423068075596,4225727785.99,-0.235946263079213,387248412.06,516040377.66,198280283.57,-825428581.04,-801275717.71,21699249.59,-,-,-,-,-,39114084.55,-,-,-,-,-,-,-,-,-0.229056,-27.557996,-13.54635,-850550893.44,-99.3428554766,2018/4/28 0:33:29,4225727785.99
002046,016043,10001448,轴研科技,机械行业,001,001,2,zxb,2018-04-28T00:00:00,2017-12-31T00:00:00,16374041.29,1494046925.81,1499613972.53,0.0425333326188945,1044320596.09,-0.00807972934896023,60933431.4,218409800.14,44364699.84,150288017.33,58148423.93,15056730.14,-,-,-,-,-,27636001.59,-,-,-,-,-,-,-,-,0.078498,8.966277,-0.828756,-76693113.84,-0.0146611442,2018/4/27 21:21:22,1044320596.09
600661,016060,10000468,新南洋,文教休闲,001,001,2,shzb,2018-04-28T00:00:00,2017-12-31T00:00:00,123115751.72,1723561602.35,1682951311.7,0.256820411310739,975684813.44,0.242065966114089,417885907.5,276295883.51,-2246215.41,161701355.69,154674627.08,50204027.33,-,-,-,-,-,13497246.25,-,-,-,-,-,-,-,-,0.240191,-0.246134,-0.326742,63010315.82,0.1729248555,2018/4/28 1:56:31,975684813.44
600791,016017,10000740,京能置业,房地产,001,001,2,shzb,2018-04-28T00:00:00,2017-12-31T00:00:00,49574022.4,743146075.8,755334630.61,0.190798680479728,411780401.83,0.133566349006118,40314382.69,64362123.05,7697717.05,37425880.51,37285356.98,22645591.35,-,-,-,-,-,139761273.65,-,-,-,-,-,-,-,-,-0.025038,-0.684024,0.074648,38221668.58,-0.178554398,2018/4/27 16:27:16,411780401.83
000567,016058,10000909,海德股份,多元金融,001,001,2,szzb,2018-04-28T00:00:00,2017-12-31T00:00:00,73268328.29,202505533.88,122399271.72,1.92281621851581,0.0,-1.0,-,44133090.3,69515921.25,84790943.54,84792069.76,11523741.47,-,-,-,-,-,713064.95,-,-,-,-,-,-,-,-,3.557988,32.767006,23.605945,70371071.35,202.7293921241,2018/4/27 20:11:57,0.0
000679,016036,10000999,大连友谊,商业百货,001,001,2,szzb,2018-04-28T00:00:00,2017-12-31T00:00:00,13056179.49,1843241506.25,1880243404.28,-0.216670651277451,1471953327.62,-0.0212241701506703,70724004.18,111537879.64,169995604.77,7970610.9,9800659.23,7802707.83,-,-,-,-,-,55250175.08,-,-,-,-,-,-,-,-,-0.043622,-0.89662,-0.902369,-28229507.27,0.8866715377,2018/4/27 18:51:16,1471953327.62
600247,016036,10000202,*ST成城,商业百货,001,001,2,,2018-04-28T00:00:00,2017-12-31T00:00:00,-70933806.19,203203269.54,247771731.42,-0.721199618083999,192049263.47,-0.756419443909295,4856478.56,15835473.11,65839860.71,-59273914.21,-70436019.05,322504.17,-,-,-,-,-,152819.93,-,-,-,-,-,-,-,-,-0.747583,0.547399,0.669271,-59771701.35,0.5417820002,2018/4/27 22:59:23,192049263.47
000917,016039,10001180,电广传媒,文化传媒,001,001,2,szzb,2018-04-28T00:00:00,2017-12-31T00:00:00,-464288791.96,8741482179.27,9767135767.29,0.27546981956567,7221180017.27,0.329160772793757,513132680.99,1199563964.65,389612403.7,-75581798.0,-80899428.27,155282157.53,-,-,-,-,-,32593795.66,-,-,-,-,-,-,-,-,0.167649,-1.123496,-2.393667,-507423008.78,-3.0861559715,2018/4/27 21:34:51,7221180017.27
600642,016007,10000449,申能股份,电力行业,001,001,2,shzb,2018-04-28T00:00:00,2017-12-31T00:00:00,1737638978.89,32404021552.37,31176140018.11,0.198993785179405,29990421378.22,0.211350259628157,6820264.52,638572691.93,394267337.38,2765408231.43,2802989943.2,617715341.21,-,-,-,-,-,145732948.8,-,-,-,-,-,-,-,-,0.16734,-0.233938,-0.293904,1243484131.1,-0.378250057,2018/4/28 0:31:28,29990421378.22
601799,016035,80134113,星宇股份,汽车行业,001,001,2,shzb,2018-04-28T00:00:00,2017-12-31T00:00:00,469975753.4,4255416130.08,3794620019.02,0.260172744217487,3337523172.62,0.261940417759441,125720722.03,288628601.67,7063390.97,557569609.92,558272167.77,89269023.53,-,-,-,-,-,29106426.91,-,-,-,-,-,-,-,-,0.271453,0.452834,0.343156,407899645.57,0.3586074993,2018/4/28 4:27:28,3337523172.62
600228,016041,10000185,ST昌九,化工行业,001,001,2,,2018-04-28T00:00:00,2017-12-31T00:00:00,26130656.33,553230517.79,608206057.53,0.298381154562106,502790993.91,0.272289952569399,19754367.93,47332301.69,7877012.62,23864165.29,16411544.02,2839429.93,-,-,-,-,-,6913127.41,-,-,-,-,-,-,-,-,0.275617,1.692577,1.704506,-38928237.02,-0.4346345021,2018/4/28 5:10:59,502790993.91
000592,016030,10000929,平潭发展,木业家具,001,001,2,szzb,2018-04-28T00:00:00,2017-12-31T00:00:00,5971127.8,848387665.57,906980761.22,0.102411748316991,729131608.88,0.088042802166905,55255302.29,80424688.84,14277840.86,-2582430.58,3079115.02,9952362.94,-,-,-,-,-,12155304.58,-,-,-,-,-,-,-,-,0.079057,0.761091,-0.70556,-19157768.29,-2.5631989673,2018/4/27 16:19:10,729131608.88
000558,016023,10000900,莱茵体育,石油行业,001,001,2,szzb,2018-04-28T00:00:00,2017-12-31T00:00:00,28502095.21,1324249129.79,1380688339.34,-0.625869353984075,1205569479.03,-0.65736335348417,16789818.93,69061281.76,36093835.28,80143481.24,83743469.03,38782307.73,-,-,-,-,-,8185609.03,-,-,-,-,-,-,-,-,-0.651537,-0.287677,0.131387,-56371834.22,-4.9608549477,2018/4/27 21:31:51,1205569479.03
600139,016035,10000109,西部资源,汽车行业,001,001,2,shzb,2018-04-28T00:00:00,2017-12-31T00:00:00,-599252093.95,287013744.23,561395610.12,-0.525233730805147,210008832.98,-0.670533966710233,26344792.57,134175665.2,53436323.89,-276255145.49,-633400242.32,3994955.83,-,-,-,-,-,7033801.41,-,-,-,-,-,-,-,-,-0.667775,-1.85152,-52.782743,-243734532.95,0.2165071271,2018/4/28 6:13:02,210008832.98
000729,016031,10001044,燕京啤酒,酿酒行业,001,001,2,szzb,2018-04-28T00:00:00,2017-12-31T00:00:00,161348235.04,11195581459.11,11142983636.86,-0.00839100160438316,7129355903.45,0.0216686406470673,1480661216.14,1268901397.92,5221296.71,364994397.13,358168791.27,185655851.02,-,-,-,-,-,1229612053.36,-,-,-,-,-,-,-,-,-0.032628,-0.012221,-0.482998,-37166456.45,-1.2068557247,2018/4/27 19:24:52,7129355903.45
600612,016054,10000419,老凤祥,珠宝首饰,001,001,2,shzb,2018-04-28T00:00:00,2017-12-31T00:00:00,1136195994.58,39810354440.2,37973987813.52,0.141480114592972,36488078218.89,0.146193841313499,660588355.67,457391047.05,169690879.73,1919611516.72,1965137787.55,494832099.48,-,-,-,-,-,175121713.05,-,-,-,-,-,-,-,-,0.138617,0.119569,0.074431,1023485026.91,0.0402487315,2018/4/27 16:58:48,36488078218.89
000858,016031,10001136,五粮液,酿酒行业,001,001,2,szzb,2018-04-28T00:00:00,2017-12-31T00:00:00,9673721498.15,30186780409.14,16954329682.61,0.105235869416075,8450087271.36,0.155290622845593,3625397914.06,2269024701.04,-890505901.86,13374535185.09,13391688208.91,3305718978.88,-,-,-,-,-,3494696079.68,-,-,-,-,-,-,-,-,0.229915,0.448887,0.425849,9642325077.81,0.4339646357,2018/4/27 19:29:19,8450087271.36
600759,016023,10000708,洲际油气,石油行业,001,001,2,shzb,2018-04-28T00:00:00,2017-12-31T00:00:00,-226476295.7,2851110839.32,2888926076.25,0.967885960048065,1297646194.75,1.1639053344465,206875722.06,260070579.92,699678751.95,-25622968.19,-7567543.47,89052687.64,-,-,-,-,-,386917277.27,-,-,-,-,-,-,-,-,1.364151,-1.419387,-6.253754,-241265592.09,-0.1491077286,2018/4/28 2:18:22,1297646194.75
000690,016007,10001009,宝新能源,电力行业,001,001,2,szzb,2018-04-28T00:00:00,2017-12-31T00:00:00,103137656.1,2514872093.55,2783085288.98,0.0124195911697685,1879062098.34,-0.166096359872829,6831503.8,335081712.65,233798328.18,112089811.39,98511264.34,-4611570.42,-,-,-,-,-,40454109.77,-,-,-,-,-,-,-,-,-0.289554,-0.87602,-0.847105,-209996234.5,-1.3388319806,2018/4/27 21:55:52,1879062098.34
002366,016043,80138988,台海核电,机械行业,001,001,2,zxb,2018-04-28T00:00:00,2017-12-31T00:00:00,1013979666.13,2469808306.59,1254051941.06,0.606489810400411,792037119.18,0.528995269561712,17673420.86,159431282.41,141721296.17,1223186847.41,1223647642.92,188465762.81,-,-,-,-,-,47941276.2,-,-,-,-,-,-,-,-,1.041043,1.850683,1.58448,1003347885.21,1.9237814544,2018/4/27 22:10:24,792037119.18
600617,016006,10000424,国新能源,公用事业,001,001,2,shzb,2018-04-28T00:00:00,2017-12-31T00:00:00,16587292.03,9651162060.09,9701773533.87,0.479625045584804,8036885461.54,0.466456997766448,783755276.02,281484839.63,557422449.09,28823618.08,13555421.66,90142453.71,-,-,-,-,-,28588206.93,-,-,-,-,-,-,-,-,0.378435,-0.941691,-0.954015,-96678473.02,-1.2845558774,2018/4/28 6:08:30,8036885461.54
000595,016043,10000932,宝塔实业,机械行业,001,001,2,szzb,2018-04-28T00:00:00,2017-12-31T00:00:00,18742523.49,435761930.44,458694587.09,0.0565970658830488,336698735.09,-0.014971178366608,12171348.34,65690328.93,12945730.94,-16993525.46,35898050.49,8060177.0,-,-,-,-,-,3542976.99,-,-,-,-,-,-,-,-,0.225086,0.779116,1.221982,-39858014.53,0.4918046812,2018/4/27 19:16:18,336698735.09
600257,016009,10000209,大湖股份,农牧饲渔,001,001,2,shzb,2018-04-28T00:00:00,2017-12-31T00:00:00,8264588.75,996570641.33,990121499.75,0.0818266098581168,775652142.58,0.0679145630985577,63675909.17,114062999.44,2530058.36,16577995.26,13920890.69,4308016.48,-,-,-,-,-,13535142.28,-,-,-,-,-,-,-,-,0.075985,0.493588,0.364142,2513175.75,-0.5011855769,2018/4/27 15:42:12,775652142.58
600587,016047,10000395,新华医疗,医疗行业,001,001,2,shzb,2018-04-28T00:00:00,2017-12-31T00:00:00,65528722.79,9983246172.21,9932709578.37,0.203161136981676,8001501948.43,0.20763154825764,774371797.24,629180440.49,180025501.6,267724959.55,282674647.79,133725865.79,-,-,-,-,-,60491335.5,-,-,-,-,-,-,-,-,0.193526,1.561523,0.891909,-136373090.0,-1.8583813117,2018/4/27 18:51:16,8001501948.43
600491,016005,10001367,龙元建设,工程建设,001,001,2,shzb,2018-04-28T00:00:00,2017-12-31T00:00:00,606515716.7,17873377643.65,17054119384.5,0.209971027569696,16373471915.34,0.226157153100236,4411748.84,355037669.25,121950298.84,844112507.23,843365534.19,232087234.87,-,-,-,-,-,101150411.16,-,-,-,-,-,-,-,-,0.22517,0.688354,0.740742,478121006.14,0.7449170458,2018/4/28 3:43:58,16373471915.34
002665,016043,80196292,首航节能,机械行业,001,001,2,zxb,2018-04-28T00:00:00,2017-12-31T00:00:00,93894583.88,1332403042.23,1223803773.22,0.643906430392377,1008621489.62,0.594277473771412,13892212.6,152570317.76,2473448.75,109664669.92,117755662.98,24455579.96,-,-,-,-,-,14357174.92,-,-,-,-,-,-,-,-,0.488777,-0.296561,-0.394369,86266817.12,4.040009902,2018/4/27 20:30:20,1008621489.62
000066,016014,10000651,中国长城,电子信息,001,001,2,szzb,2018-04-28T00:00:00,2017-12-31T00:00:00,581043323.65,9506838836.12,9172162174.67,-0.875449973702513,7446796109.1,-0.887494035208417,394567831.35,1106203339.9,46827312.54,792310071.62,781585641.15,85500863.2,-,-,-,-,-,77401713.35,-,-,-,-,-,-,-,-,-0.871829,0.287905,1.912187,259999748.93,10.7076049291,2018/5/16 20:33:54,7446796109.1
600818,016060,10000767,中路股份,文教休闲,001,001,2,shzb,2018-04-28T00:00:00,2017-12-31T00:00:00,31274849.07,604442010.06,635619987.64,-0.264408365121529,536046523.41,-0.108968592274107,37153560.19,46229259.25,6630262.39,27937234.09,28234054.59,5806618.86,-,-,-,-,-,2858362.78,-,-,-,-,-,-,-,-,-0.112569,1.161936,-0.653905,-35580312.72,-0.5847501632,2018/4/27 20:35:48,536046523.41
603015,016021,80206080,弘讯科技,仪器仪表,001,001,2,shzb,2018-04-28T00:00:00,2017-12-31T00:00:00,80530217.17,732854078.61,681223477.02,0.374320769865127,454208640.46,0.423493031396936,39271766.68,150715989.6,9469286.91,82575445.56,79268742.73,8155031.91,-,-,-,-,-,5610132.27,-,-,-,-,-,-,-,-,0.380503,1.026619,0.514411,67992698.75,0.5934535544,2018/4/27 17:01:12,454208640.46
002072,016057,80028642,凯瑞德,软件服务,001,001,2,zxb,2018-04-28T00:00:00,2017-12-31T00:00:00,-35109559.32,78020884.85,105574634.12,0.232845018106959,47891581.74,1.29702742740267,1368059.72,9949467.54,20340713.21,-29366993.69,-30006347.55,5181556.65,-,-,-,-,-,383333.45,-,-,-,-,-,-,-,-,1.319729,-2.822497,-3.445575,-34470205.46,0.3687464942,2018/4/27 21:19:24,47891581.74
000835,016039,10001126,长城动漫,文化传媒,001,001,2,szzb,2018-04-28T00:00:00,2017-12-31T00:00:00,127698057.5,290968041.21,253965785.5,-0.469848485179083,112204148.44,-0.370508728641415,29777288.55,47683064.73,47802439.64,39164771.41,158766732.57,31101166.62,-,-,-,-,-,7950894.09,-,-,-,-,-,-,-,-,-0.109339,3.204692,2.583713,34006987.67,1.2423125531,2018/4/27 21:10:55,112204148.44
000876,016009,10001146,新希望,农牧饲渔,001,001,2,szzb,2018-04-28T00:00:00,2017-12-31T00:00:00,2280000493.58,62566848592.71,61550273699.64,0.0302002665986779,57468202720.11,0.0257144789147608,1540766643.54,1938303287.19,300469946.68,3327964233.2,3211011868.32,278801897.73,-,-,-,-,-,133515305.52,-,-,-,-,-,-,-,-,0.027716,0.02284,-0.076574,2275780457.37,-0.0391687994,2018/4/27 17:23:11,57468202720.11
600827,016036,10000776,百联股份,商业百货,001,001,2,shzb,2018-04-28T00:00:00,2017-12-31T00:00:00,847048045.66,47181121375.62,46372553329.81,0.000966193151538926,37158400203.77,0.0023233672058438,6691799709.38,2205328481.76,-107721986.9,1576897211.37,1597901091.63,740254441.63,-,-,-,-,-,359534846.48,-,-,-,-,-,-,-,-,0.002207,0.582327,-0.059208,634387887.91,-0.0739102966,2018/4/28 2:18:22,37158400203.77
002061,016005,80065048,浙江交科,工程建设,001,001,2,zxb,2018-04-28T00:00:00,2017-12-31T00:00:00,1107514185.51,20768411377.83,19567241944.53,0.368329452977674,18330014163.84,0.381407368688496,98709448.31,645363674.66,267473219.06,1425647807.34,1416585256.11,268625401.1,-,-,-,-,-,77773018.08,-,-,-,-,-,-,-,-,0.406105,1.299295,1.360031,707455667.77,14.0645675059,2018/5/11 17:27:30,18330014163.84
000155,016051,10000665,川能动力,化肥行业,001,001,2,szzb,2018-04-28T00:00:00,2017-12-31T00:00:00,324897160.42,6509123209.16,6238695864.9,2.18768548896832,6130607917.82,2.34489582562151,2673470.54,67398689.21,26592080.39,290101751.07,293934567.55,-87612879.08,-,-,-,-,-,6606989.95,-,-,-,-,-,-,-,-,2.232077,-0.440802,-0.639134,260853241.16,5.1308911313,2018/4/27 16:59:13,6130607917.82
600517,016020,10001310,置信电气,输配电气,001,001,2,shzb,2018-04-27T00:00:00,2017-12-31T00:00:00,239431972.47,5729789061.37,5522975228.35,-0.152460813789645,4835567724.91,-0.168326654894396,221412093.82,328617929.93,46215503.32,328309727.06,342974753.95,91515803.82,-,-,-,-,-,39075071.6,-,-,-,-,-,-,-,-,-0.179949,-0.441868,-0.493567,145437706.57,-0.5993150369,2018/9/18 12:57:46,4835567724.91
002375,016045,80138725,亚厦股份,装修装饰,001,001,2,zxb,2018-04-27T00:00:00,2017-12-31T00:00:00,357686893.36,9068796959.61,8719934237.99,0.016400000311037,7859486974.47,0.00955241993945352,153560748.95,432396069.21,53863075.42,413092812.48,411571207.01,41356263.97,-,-,-,-,-,31662270.69,-,-,-,-,-,-,-,-,0.014764,0.119189,0.120243,314690324.57,0.090376272,2018/4/26 17:38:15,7859486974.47
300094,016009,80144657,国联水产,农牧饲渔,001,001,2,cyb,2018-04-27T00:00:00,2017-12-31T00:00:00,144132610.64,4095806660.34,3939009591.13,0.558658896052301,3536040301.41,0.546157576996957,156673288.65,95747092.15,107289151.0,161656767.43,163083323.09,18950712.45,-,-,-,-,-,7581541.22,-,-,-,-,-,-,-,-,0.56247,0.721664,0.53423,138786917.33,0.4085045205,2018/4/26 19:22:47,3536040301.41
000069,016017,10000653,华侨城A,房地产,001,001,2,szzb,2018-04-27T00:00:00,2017-12-31T00:00:00,8643242549.64,42341224701.44,34952465460.24,0.26947079258383,21063805728.17,0.270092619569675,1444928582.58,2229799254.18,1597892951.48,12204936143.87,12820680001.29,3502213090.6,-,-,-,-,-,7958112452.63,-,-,-,-,-,-,-,-,0.193346,0.423974,0.25475,7294605352.03,0.1874926205,2018/4/26 20:37:16,21063805728.17
600887,016012,10000836,伊利股份,食品饮料,001,001,2,shzb,2018-04-27T00:00:00,2017-12-31T00:00:00,6000884926.88,68058174312.35,61877134479.76,0.115143023021143,42362402660.65,0.131854270925024,15521862502.34,3317048744.48,113485343.63,7115911174.52,7073973345.81,1071158370.7,-,510583115.36,-,-,-,511570189.97,-,-,510583115.36,-,-,-,-,-,0.122901,0.288151,0.059889,5328249297.18,0.1770198453,2018/4/26 22:28:56,42362402660.65
000839,016014,10001130,中信国安,电子信息,001,001,2,szzb,2018-04-27T00:00:00,2017-12-31T00:00:00,259371259.04,4362389731.3,4543271470.96,0.146661227367804,3554379370.1,0.128984076380859,206485661.85,439198862.94,245407533.06,428955380.1,427194154.21,126486181.92,-,-,-,-,-,25626871.86,-,-,-,-,-,-,-,-,0.110857,0.768008,0.126713,22333960.42,-0.8987926836,2018/4/26 17:43:42,3554379370.1
000587,016054,10000924,金洲慈航,珠宝首饰,001,001,2,szzb,2018-04-27T00:00:00,2017-12-31T00:00:00,1021566359.17,11697510001.7,10805707935.42,0.179516525027712,9998693532.3,0.162602173563274,179322379.98,156330324.36,232534314.91,1329033196.88,1346040167.9,236216205.39,-,-,-,-,-,34745900.65,-,-,-,-,-,-,-,-,0.107272,-0.058927,-0.015158,1010215708.58,-0.0043060253,2018/4/26 21:00:18,9998693532.3
002203,016032,80056980,海亮股份,有色金属,001,001,2,zxb,2018-04-27T00:00:00,2017-12-31T00:00:00,705332026.6,29913395727.94,29267877393.27,0.669155891401599,28107177992.93,0.697057618078106,391944380.11,487797302.61,203120700.6,750538074.44,778326019.27,57964371.93,-,-,-,-,-,40077461.5,-,-,-,-,-,-,-,-,0.66189,0.168368,0.279517,711904914.82,0.3948462301,2018/5/21 15:34:36,28107177992.93
002319,016041,80134337,乐通股份,化工行业,001,001,2,zxb,2018-04-27T00:00:00,2017-12-31T00:00:00,10648159.54,532046547.77,534579368.15,0.0537793371563098,392526516.61,0.0861396545986846,26722189.96,75687023.78,22683139.17,732331.44,1656798.07,-8991361.47,-,-,-,-,-,8194267.36,-,-,-,-,-,-,-,-,0.022686,-0.94509,11.076597,7682660.86,-0.0324585093,2018/4/26 21:10:54,392526516.61
300012,016042,80133633,华测检测,综合行业,001,001,2,cyb,2018-04-27T00:00:00,2017-12-31T00:00:00,133898301.98,2118230537.6,1981221381.77,0.300785176600209,1178271509.64,0.443809881835885,400958452.2,330548614.29,7880400.65,174030516.74,188672269.51,51023752.3,-,-,-,-,-,8382823.69,-,-,-,-,-,-,-,-,0.28202,0.354399,0.318703,85279004.69,0.0684629375,2018/4/26 21:53:56,1178271509.64
600227,016041,10000184,圣济堂,化工行业,001,001,2,shzb,2018-04-27T00:00:00,2017-12-31T00:00:00,38257983.18,1696866915.33,1702919175.75,-0.459007308957619,1215127005.45,-0.474057479775567,196628188.32,194317895.44,47081977.86,47379722.85,70283403.06,32025419.88,-,-,-,-,-,25411237.08,-,-,-,-,-,-,-,-,-0.393036,1.135489,1.099676,-37212609.86,0.9255168982,2018/4/26 21:24:49,1215127005.45
600977,016039,80167592,中国电影,文化传媒,001,001,2,shzb,2018-04-27T00:00:00,2017-12-31T00:00:00,965283159.42,8988015383.15,7767648423.24,0.135082591559618,7078244226.79,0.13854002448396,122577265.43,479803616.99,-98853843.35,1521234101.38,1531544272.39,395466630.09,-,-,-,-,-,115241348.6,-,-,-,-,-,-,-,-,0.146326,0.37408,0.052132,824119605.76,0.1303926385,2018/4/26 16:57:49,7078244226.79
601718,016010,80144523,际华集团,纺织服装,001,001,2,shzb,2018-04-27T00:00:00,2017-12-31T00:00:00,754938326.99,25439989779.88,25439997451.43,-0.0682499980350574,23469366684.02,-0.0694274550356214,529109672.81,934698848.53,142413469.1,99344558.14,1052331764.06,294902076.57,-,-,-,-,-,108417952.29,-,-,-,-,-,-,-,-,-0.063168,-0.89286,-0.382593,-290577599.95,-0.3218133897,2018/4/26 23:17:55,23469366684.02
002348,016060,80136802,高乐股份,文教休闲,001,001,2,zxb,2018-04-27T00:00:00,2017-12-31T00:00:00,55089133.47,661152899.56,616186904.39,0.696238861202067,464725277.84,0.614443774100029,47299992.45,77696741.92,13285014.11,72130080.02,68972918.28,6607607.57,-,-,-,-,-,9225932.84,-,-,-,-,-,-,-,-,0.638515,0.432651,0.294792,34604153.96,0.0111004512,2018/4/26 17:42:19,464725277.84
300083,016059,80143232,劲胜智能,金属制品,001,001,2,cyb,2018-04-27T00:00:00,2017-12-31T00:00:00,460798922.23,6421723025.91,6037854448.65,0.213959426289382,4715566998.38,0.195780342979379,265295619.45,885647005.82,44673503.58,549028015.94,549419625.16,88881060.79,-,-,-,-,-,29015462.89,-,-,-,-,-,-,-,-,0.250276,2.738545,2.505737,428927448.15,3.7926879702,2018/4/26 21:13:25,4715566998.38
002304,016031,80100662,洋河股份,酿酒行业,001,001,2,zxb,2018-04-27T00:00:00,2017-12-31T00:00:00,6627169959.16,19917942238.16,11741569054.09,0.173800656901414,6681148562.16,0.0770871135922759,2387447107.05,1532148106.93,-33912331.47,8836473045.87,8847954567.82,2229168424.15,-,-,-,-,-,1151869831.3,-,-,-,-,-,-,-,-,0.159158,0.144404,0.137288,6136386923.71,0.1349849286,2018/4/26 18:47:16,6681148562.16
300176,016035,80165768,鸿特科技,汽车行业,001,001,2,cyb,2018-04-27T00:00:00,2017-12-31T00:00:00,491155186.58,2936889367.45,2297546270.18,0.659452702563923,1212756987.02,0.0913660057334199,699450717.0,316426162.5,43748402.17,650516704.4,651330835.93,160175649.35,-,-,-,-,-,19320900.65,-,-,-,-,-,-,-,-,1.049524,12.468544,8.801242,481138914.47,10.082017343,2018/4/26 22:56:51,1212756987.02
600295,016033,10000570,鄂尔多斯,钢铁行业,001,001,2,shzb,2018-04-27T00:00:00,2017-12-31T00:00:00,520966388.5,22126925198.22,20723222875.23,0.2999283701292,16122503123.27,0.391174687636608,1349988800.75,1094588134.3,1373073822.94,1493460250.06,1411777768.8,377750989.72,-,-,-,-,-,430027819.43,-,-,-,-,-,-,-,-,0.333654,1.314068,0.961236,564492681.34,6.8425090932,2018/4/26 23:43:23,16122503123.27
002592,016035,80173925,八菱科技,汽车行业,001,001,2,zxb,2018-04-27T00:00:00,2017-12-31T00:00:00,135042320.45,774613674.0,716184617.69,-0.0976141674533553,624272155.51,-0.133327355636275,25213145.1,63919199.58,-7480194.69,149409703.78,150536519.7,15493634.7,-,-,-,-,-,8030204.61,-,-,-,-,-,-,-,-,-0.11815,0.083923,0.051621,127425011.37,0.0447237054,2018/4/26 23:00:28,624272155.51
000042,016017,10000631,中洲控股,房地产,001,001,2,szzb,2018-04-27T00:00:00,2017-12-31T00:00:00,615363173.16,8654233826.31,7694279322.9,0.015846112993774,5514533911.87,-0.040093293898681,209840786.21,354597652.8,444208532.2,1050700043.76,991216571.15,382319769.03,-,-,-,-,-,1125174261.42,-,-,-,-,-,-,-,-,0.06635,0.938477,1.361943,559954028.77,1.0071041379,2018/4/26 21:14:18,5514533911.87
601188,016002,80140622,龙江交通,高速公路,001,001,2,shzb,2018-04-27T00:00:00,2017-12-31T00:00:00,352762632.14,1787076585.6,1462329876.97,4.20735249373519,1299955820.85,5.65041677146255,15703018.15,57514785.06,-10644977.83,457466197.49,460113378.13,68874945.06,-,-,-,-,-,89560423.59,-,-,-,-,-,-,-,-,2.580712,0.346184,0.220096,330648568.08,0.1490474126,2018/4/26 21:43:20,1299955820.85
002397,016010,80104413,梦洁股份,纺织服装,001,001,2,zxb,2018-04-27T00:00:00,2017-12-31T00:00:00,51263680.69,1933924378.77,1844206645.63,0.380815579827771,1079450417.13,0.474988375280115,622856465.82,80105174.64,26317129.53,96628579.82,97729039.23,16888929.25,-,-,-,-,-,22730504.58,-,-,-,-,-,-,-,-,0.336887,-0.128794,-0.472991,46300588.21,-0.4688902774,2018/4/26 20:27:20,1079450417.13
000616,016017,10000951,海航投资,房地产,001,001,2,szzb,2018-04-27T00:00:00,2017-12-31T00:00:00,12536265.56,96707289.58,269558210.31,-0.654829214447807,60319891.25,-0.648748658624131,12914501.3,60575583.72,124026330.4,-41854111.89,23816598.31,15888170.39,-,-,-,-,-,4040109.58,-,-,-,-,-,-,-,-,-0.662669,0.91045,1.028799,-159766105.88,0.6322890602,2018/4/26 20:55:49,60319891.25
002292,016039,80125630,奥飞娱乐,文化传媒,001,001,2,zxb,2018-04-27T00:00:00,2017-12-31T00:00:00,90129598.1,3642464104.89,3837008089.07,0.2867810380576,2092912562.93,0.231256547978583,675053627.48,810236006.37,98887371.82,69193507.42,70640404.41,2085824.31,-,-,-,-,-,29510140.0,-,-,-,-,-,-,-,-,0.083851,-0.866635,-0.819178,-160131580.27,-1.4719834699,2018/4/26 20:26:52,2092912562.93
600926,016029,80058614,杭州银行,银行,001,001,2,shzb,2018-04-27T00:00:00,2017-12-31T00:00:00,4550365000.0,14121518000.0,9135145000.0,-,9135145000.0,0.0135979749221977,-,4482257000.0,-,4986373000.0,5004023000.0,453658000.0,14121518000.0,12267309000.0,0.0487747931058067,1616873000.0,-,123502000.0,4482257000.0,-,-,-,-,-,-,-,0.028305,0.056387,0.131671,4539126000.0,0.1273046519,2018/4/27 0:13:26,-
601169,016029,80001097,北京银行,银行,001,001,2,shzb,2018-04-27T00:00:00,2017-12-31T00:00:00,18733000000.0,50353000000.0,27488000000.0,-,27488000000.0,0.0940497512437811,-,13522000000.0,-,22865000000.0,22820000000.0,3938000000.0,50353000000.0,39376000000.0,0.0493271152564957,10579000000.0,-,520000000.0,13522000000.0,-,-,-,-,-,-,-,0.061046,0.023913,0.052297,18767000000.0,0.0522153674,2018/4/26 22:02:52,-
603879,016041,80437098,永悦科技,化工行业,001,001,2,shzb,2018-04-27T00:00:00,2017-12-31T00:00:00,43917274.47,559124157.22,515407329.71,0.0569407997553777,457835658.57,0.0458749839922403,15119058.91,34937237.18,502181.78,47388441.56,50455009.0,6537734.53,-,-,-,-,-,2585566.85,-,-,-,-,-,-,-,-,0.04288,-0.023163,-0.07179,38189820.2,-0.0973604387,2018/4/26 21:08:22,457835658.57
603286,016035,80474380,日盈电子,汽车行业,001,001,2,shzb,2018-04-27T00:00:00,2017-12-31T00:00:00,33738998.56,317631497.73,285267643.32,0.181490530409192,214762028.06,0.223915262209341,14571765.12,48632241.89,2981877.11,35128409.42,37277868.05,3538869.49,-,-,-,-,-,3882927.9,-,-,-,-,-,-,-,-,0.152897,0.032939,0.085922,29932446.89,-0.0153994137,2018/4/26 16:25:16,214762028.06
603101,016036,80357634,汇嘉时代,商业百货,001,001,2,shzb,2018-04-27T00:00:00,2017-12-31T00:00:00,102144071.58,3027294011.42,2887432879.27,0.134715619617269,2525668404.66,0.153825820547785,179204866.67,109823492.51,17222380.43,131142187.8,126426543.69,24282472.11,-,-,-,-,-,49071869.35,-,-,-,-,-,-,-,-,0.140562,0.153673,0.057282,96580384.98,0.1326180727,2018/4/27 0:28:26,2525668404.66
603711,016012,80463406,香飘飘,食品饮料,001,001,2,shzb,2018-04-27T00:00:00,2017-12-31T00:00:00,267766144.24,2640383869.53,2330423190.18,0.116187801494455,1578928810.62,0.198655340661851,617233108.13,114308537.86,-7614148.36,316922646.7,345282046.1,77515901.86,-,-,-,-,-,20242563.9,-,-,-,-,-,-,-,-,0.104898,0.046846,0.006253,242077153.26,-0.01887899,2018/4/26 23:36:28,1578928810.62
603980,016041,80381555,吉华集团,化工行业,001,001,2,shzb,2018-04-27T00:00:00,2017-12-31T00:00:00,397411479.46,2456196484.95,1983909059.56,0.182366362245848,1681637502.71,0.185246862901577,47270633.07,224911079.5,10806340.93,511725588.19,503528192.53,69269682.23,-,-,-,-,-,23440375.96,-,-,-,-,-,-,-,-,0.136956,0.048342,0.039608,377042941.66,0.0075864316,2018/4/27 0:47:19,1681637502.71
603076,016061,80504196,乐惠国际,专用设备,001,001,2,shzb,2018-04-27T00:00:00,2017-12-31T00:00:00,67185462.55,831504545.73,757944436.76,-0.119528033268645,599852755.23,-0.168836899236919,18534094.27,106366151.39,22332323.98,73082538.5,82042274.51,14970088.71,-,-,-,-,-,7902424.53,-,-,-,-,-,-,-,-,-0.125657,-0.154261,-0.123795,55992668.49,-0.1231686356,2018/4/26 20:24:51,599852755.23
603668,016009,80307270,天马科技,农牧饲渔,001,001,2,shzb,2018-04-27T00:00:00,2017-12-31T00:00:00,90860161.82,1136350115.22,1041951860.42,0.367762900324199,906733653.73,0.379838406197171,36251603.21,72197607.15,14643592.97,103547556.98,106357835.52,15822530.17,-,-,-,-,-,4028002.12,-,-,-,-,-,-,-,-,0.346924,0.230927,0.131601,80786246.92,0.136488994,2018/4/26 22:27:52,906733653.73
603727,016023,80374281,博迈科,石油行业,001,001,2,shzb,2018-04-27T00:00:00,2017-12-31T00:00:00,109856887.25,489142183.81,432347818.09,-0.821562816228117,378449765.98,-0.812681719249496,7772001.33,89600756.17,-86674967.25,121707058.67,126624625.6,16767738.35,-,-,-,-,-,37324307.16,-,-,-,-,-,-,-,-,-0.817785,-0.535863,-0.528556,49257970.99,-0.78210269,2018/4/26 20:37:17,378449765.98
603648,016003,80311919,畅联股份,交运物流,001,001,2,shzb,2018-04-27T00:00:00,2017-12-31T00:00:00,138892340.39,1150704482.65,969564330.77,-0.0418772238541159,848965952.42,-0.0475626664088344,24377561.32,99666842.93,-9321023.07,183455943.39,186867499.49,48799203.55,-,-,-,-,-,5818602.81,-,-,-,-,-,-,-,-,-0.015057,0.157478,0.064985,135005733.05,0.1406246061,2018/4/26 20:49:54,848965952.42
002686,016043,80133642,亿利达,机械行业,001,001,2,zxb,2018-04-27T00:00:00,2017-12-31T00:00:00,140528574.86,1366513724.51,1191041079.87,0.42675665257837,908733880.77,0.425189413112337,87230838.02,153175146.7,16384565.0,177192777.43,194163492.26,26487585.67,-,-,-,-,-,12975060.84,-,-,-,-,-,-,-,-,0.384458,0.065429,0.172536,129855545.46,0.2583467433,2018/4/26 20:43:18,908733880.77
601208,016040,80146766,东材科技,材料行业,001,001,2,shzb,2018-04-27T00:00:00,2017-12-31T00:00:00,99297125.82,1734079596.12,1678080892.49,0.0405221022835346,1380946284.25,0.0420916056448775,82317603.18,167925437.7,9911426.71,118630641.24,121103070.76,16096225.9,-,-,-,-,-,20990528.01,-,-,-,-,-,-,-,-,0.035956,1.002274,1.382401,48765789.93,0.3682950569,2018/4/26 23:17:55,1380946284.25
002215,016050,80105581,诺普信,农药兽药,001,001,2,zxb,2018-04-27T00:00:00,2017-12-31T00:00:00,308506080.58,2821575182.39,2599935273.42,0.0935920197583044,1830655791.88,0.476502136375662,436926685.37,287674315.75,10863775.19,351063951.48,353583091.51,33159376.18,-,-,-,-,-,11864525.41,-,-,-,-,-,-,-,-,0.437433,2.166057,2.116778,246437986.16,1.6871772345,2018/4/26 19:31:17,1830655791.88
300013,016003,80134484,新宁物流,交运物流,001,001,2,cyb,2018-04-27T00:00:00,2017-12-31T00:00:00,144013302.3,902338885.25,843686903.36,0.163913234808195,557861633.62,0.155670631903085,55886451.27,192681290.86,12966075.24,88306094.19,153086522.22,8657141.65,-,-,-,-,-,8296621.19,-,-,-,-,-,-,-,-,0.189343,1.18045,1.361508,67324699.98,0.9854912669,2018/4/26 20:17:48,557861633.62
002234,016009,80080284,民和股份,农牧饲渔,001,001,2,zxb,2018-04-27T00:00:00,2017-12-31T00:00:00,-290550985.5,1067502353.94,1315682823.71,0.0516339588443943,1077978689.6,0.107404562460958,49195339.11,84167184.92,54009288.5,-282585033.77,-290094681.07,456304.43,-,-,-,-,-,6844465.9,-,-,-,-,-,-,-,-,-0.242209,-2.93869,-2.889273,-286254531.58,-2.8678972745,2018/4/26 17:01:19,1077978689.6
603855,016061,80435397,华荣股份,专用设备,001,001,2,shzb,2018-04-27T00:00:00,2017-12-31T00:00:00,126104624.6,1479452097.65,1349772615.11,0.255957350715689,728485259.82,0.338434515420923,459809373.21,97411545.74,8223707.67,131712706.75,144622281.91,18517657.31,-,-,-,-,-,16450558.26,-,-,-,-,-,-,-,-,0.232416,0.051877,0.113868,111446681.98,0.0189733431,2018/4/27 0:09:52,728485259.82
603600,016030,80200666,永艺股份,木业家具,001,001,2,shzb,2018-04-27T00:00:00,2017-12-31T00:00:00,100193695.62,1840632699.88,1738063098.93,0.368688720793371,1495328803.31,0.351867575356271,63897265.9,151582902.86,11527268.06,113218116.55,115735801.29,14858394.33,-,-,-,-,-,14573680.3,-,-,-,-,-,-,-,-,0.312935,-0.099093,-0.166609,89115268.63,-0.195216452,2018/4/26 15:57:19,1495328803.31
002277,016036,80123610,友阿股份,商业百货,001,001,2,zxb,2018-04-27T00:00:00,2017-12-31T00:00:00,307747044.78,7283777317.35,6916402093.18,0.161255052642761,5854934928.23,0.157585047588991,410681398.68,451290645.68,49703973.18,414032480.9,396646470.82,125330061.75,-,20528605.67,-,-,-,126410014.48,-,-,20528605.67,-,-,-,-,-,0.162551,0.160217,0.028663,323030800.23,0.1477778609,2018/4/26 16:22:20,5854934928.23
603233,016047,80468961,大参林,医疗行业,001,001,2,shzb,2018-04-27T00:00:00,2017-12-31T00:00:00,474960964.97,7421196903.07,6797393637.42,0.193536626168757,4433548822.24,0.182098215215306,1923056377.42,346402905.2,26196955.18,633316134.78,634575922.37,159965099.52,-,-,-,-,-,53678118.6,-,-,-,-,-,-,-,-,0.182902,0.095032,0.104076,473452051.01,0.0791925597,2018/4/26 18:51:43,4433548822.24
